mouse_ensembl_id,human_ensembl_id,human_gene_symbol
ENSMUSG00000000126,ENSG00000143816,WNT9A
ENSMUSG00000000157,"",""
ENSMUSG00000000159,"",""
ENSMUSG00000000263,ENSG00000145888,GLRA1
ENSMUSG00000000295,ENSG00000111906,HDDC2
ENSMUSG00000000296,ENSG00000111907,TPD52L1
ENSMUSG00000000301,ENSG00000133027,PEMT
ENSMUSG00000000308,ENSG00000223572,CKMT1A
ENSMUSG00000000385,ENSG00000184012,TMPRSS2
ENSMUSG00000000386,ENSG00000157601,MX1
ENSMUSG00000000402,ENSG00000198759,EGFL6
ENSMUSG00000000439,ENSG00000075975,MKRN2
ENSMUSG00000000440,ENSG00000132170,PPARG
ENSMUSG00000000441,ENSG00000132155,RAF1
ENSMUSG00000000538,ENSG00000175662,TOM1L2
ENSMUSG00000000617,ENSG00000113262,GRM6
ENSMUSG00000000738,ENSG00000197912,SPG7
ENSMUSG00000000739,ENSG00000197165,SULT1A2
ENSMUSG00000000740,ENSG00000167526,RPL13
ENSMUSG00000000743,ENSG00000131165,CHMP1A
ENSMUSG00000000782,ENSG00000081059,TCF7
ENSMUSG00000000869,ENSG00000113520,IL4
ENSMUSG00000000916,ENSG00000130305,NSUN5
ENSMUSG00000001034,ENSG00000166484,MAPK7
ENSMUSG00000001036,ENSG00000072134,EPN2
ENSMUSG00000001039,ENSG00000108641,B9D1
ENSMUSG00000001052,ENSG00000138802,SEC24B
ENSMUSG00000001053,ENSG00000145911,N4BP3
ENSMUSG00000001054,ENSG00000145916,RMND5B
ENSMUSG00000001056,ENSG00000145912,NHP2
ENSMUSG00000001062,ENSG00000075399,VPS9D1
ENSMUSG00000001065,ENSG00000158805,ZNF276
ENSMUSG00000001472,ENSG00000141002,TCF25
ENSMUSG00000001482,ENSG00000140995,DEF8
ENSMUSG00000001632,ENSG00000156983,BRPF1
ENSMUSG00000001674,ENSG00000088205,DDX18
ENSMUSG00000001995,ENSG00000116991,SIPA1L2
ENSMUSG00000001998,ENSG00000081014,AP4E1
ENSMUSG00000001999,ENSG00000106605,BLVRA
ENSMUSG00000002748,ENSG00000009954,BAZ1B
ENSMUSG00000002812,ENSG00000177731,FLII
ENSMUSG00000002814,ENSG00000177302,TOP3A
ENSMUSG00000003604,ENSG00000169857,AVEN
ENSMUSG00000003660,ENSG00000144028,SNRNP200
ENSMUSG00000003662,ENSG00000144021,CIAO1
ENSMUSG00000003721,ENSG00000125629,INSIG2
ENSMUSG00000003955,ENSG00000114023,FAM162A
ENSMUSG00000004127,ENSG00000145331,TRMT10A
ENSMUSG00000004296,ENSG00000113302,IL12B
ENSMUSG00000004451,ENSG00000144118,RALB
ENSMUSG00000004591,ENSG00000065243,PKN2
ENSMUSG00000004637,ENSG00000186153,WWOX
ENSMUSG00000004798,ENSG00000083290,ULK2
ENSMUSG00000004837,ENSG00000154016,GRAP
ENSMUSG00000004988,ENSG00000150201,FXYD4
ENSMUSG00000005034,ENSG00000142875,PRKACB
ENSMUSG00000005102,ENSG00000128829,EIF2AK4
ENSMUSG00000005251,ENSG00000183421,RIPK4
ENSMUSG00000005267,ENSG00000141040,ZNF287
ENSMUSG00000005362,ENSG00000113851,CRBN
ENSMUSG00000005364,ENSG00000091181,IL5RA
ENSMUSG00000005373,ENSG00000009950,MLXIPL
ENSMUSG00000005374,ENSG00000106638,TBL2
ENSMUSG00000005378,ENSG00000071462,BUD23
ENSMUSG00000005417,ENSG00000133030,MPRIP
ENSMUSG00000005501,ENSG00000085982,USP40
ENSMUSG00000005615,ENSG00000161217,PCYT1A
ENSMUSG00000005802,ENSG00000104154,SLC30A4
ENSMUSG00000005803,ENSG00000137767,SQOR
ENSMUSG00000005804,ENSG00000104164,BLOC1S6
ENSMUSG00000005813,ENSG00000164024,METAP1
ENSMUSG00000005892,ENSG00000170893,TRH
ENSMUSG00000005893,ENSG00000177463,NR2C2
ENSMUSG00000006169,ENSG00000113282,CLINT1
ENSMUSG00000006362,ENSG00000129993,CBFA2T3
ENSMUSG00000006517,ENSG00000167508,MVD
ENSMUSG00000006519,ENSG00000051523,CYBA
ENSMUSG00000006585,ENSG00000167513,CDT1
ENSMUSG00000006587,ENSG00000185669,SNAI3
ENSMUSG00000006589,ENSG00000198931,APRT
ENSMUSG00000006932,ENSG00000168036,CTNNB1
ENSMUSG00000006941,ENSG00000114784,EIF1B
ENSMUSG00000007207,ENSG00000106089,STX1A
ENSMUSG00000007653,ENSG00000145864,GABRB2
ENSMUSG00000007777,"",""
ENSMUSG00000007805,ENSG00000233608,TWIST2
ENSMUSG00000007827,"",""
ENSMUSG00000007850,ENSG00000169045,HNRNPH1
ENSMUSG00000008348,ENSG00000150991,UBC
ENSMUSG00000008843,ENSG00000189143,CLDN4
ENSMUSG00000008874,ENSG00000166509,CLEC3A
ENSMUSG00000009549,ENSG00000140319,SRP14
ENSMUSG00000009894,ENSG00000143740,SNAP47
ENSMUSG00000009900,ENSG00000154342,WNT3A
ENSMUSG00000009905,ENSG00000119537,KDSR
ENSMUSG00000009907,ENSG00000119541,VPS4B
ENSMUSG00000010025,ENSG00000072210,ALDH3A2
ENSMUSG00000010086,ENSG00000128482,RNF112
ENSMUSG00000010122,ENSG00000142494,SLC47A1
ENSMUSG00000010142,ENSG00000240505,TNFRSF13B
ENSMUSG00000010154,ENSG00000204991,SPIRE2
ENSMUSG00000010461,ENSG00000112319,EYA4
ENSMUSG00000010651,ENSG00000060971,ACAA1
ENSMUSG00000010660,ENSG00000187091,PLCD1
ENSMUSG00000010803,ENSG00000022355,GABRA1
ENSMUSG00000011008,ENSG00000153898,MCOLN2
ENSMUSG00000011254,ENSG00000113272,THG1L
ENSMUSG00000011256,"",""
ENSMUSG00000013419,ENSG00000114853,ZBTB47
ENSMUSG00000013643,ENSG00000259823,LYPD8
ENSMUSG00000013646,ENSG00000175137,SH3BP5L
ENSMUSG00000013736,ENSG00000072756,TRNT1
ENSMUSG00000014039,ENSG00000141956,PRDM15
ENSMUSG00000014074,ENSG00000163961,RNF168
ENSMUSG00000014075,ENSG00000213123,DYNLT2B
ENSMUSG00000014077,ENSG00000187446,CHP1
ENSMUSG00000014177,ENSG00000171928,TVP23B
ENSMUSG00000014243,ENSG00000214941,ZSWIM7
ENSMUSG00000014245,ENSG00000108474,PIGL
ENSMUSG00000014353,ENSG00000153214,TMEM87B
ENSMUSG00000014355,ENSG00000153107,ANAPC1
ENSMUSG00000014361,ENSG00000153208,MERTK
ENSMUSG00000014444,ENSG00000103335,PIEZO1
ENSMUSG00000014470,ENSG00000158717,RNF166
ENSMUSG00000014550,ENSG00000131381,RBSN
ENSMUSG00000014551,ENSG00000131368,MRPS25
ENSMUSG00000014602,ENSG00000130294,KIF1A
ENSMUSG00000014633,ENSG00000103121,CMC2
ENSMUSG00000015013,ENSG00000167515,TRAPPC2L
ENSMUSG00000015016,ENSG00000176715,ACSF3
ENSMUSG00000015027,ENSG00000141012,GALNS
ENSMUSG00000015401,ENSG00000147003,CLTRN
ENSMUSG00000015405,ENSG00000130234,ACE2
ENSMUSG00000015837,ENSG00000161011,SQSTM1
ENSMUSG00000015942,ENSG00000196275,GTF2IRD2
ENSMUSG00000015944,ENSG00000274070,CASTOR2
ENSMUSG00000015950,ENSG00000158517,NCF1
ENSMUSG00000016018,ENSG00000039123,MTREX
ENSMUSG00000016386,ENSG00000066382,MPPED2
ENSMUSG00000017478,ENSG00000158545,ZC3H18
ENSMUSG00000018217,ENSG00000109099,PMP22
ENSMUSG00000018238,ENSG00000164404,GDF9
ENSMUSG00000018239,ENSG00000155329,ZCCHC10
ENSMUSG00000018339,ENSG00000211445,GPX3
ENSMUSG00000018340,ENSG00000197043,ANXA6
ENSMUSG00000018387,ENSG00000164403,SHROOM1
ENSMUSG00000018395,ENSG00000131437,KIF3A
ENSMUSG00000018398,ENSG00000164402,SEPTIN8
ENSMUSG00000018415,ENSG00000141034,GID4
ENSMUSG00000018500,ENSG00000170425,ADORA2B
ENSMUSG00000018501,ENSG00000141027,NCOR1
ENSMUSG00000018507,ENSG00000187688,TRPV2
ENSMUSG00000018509,ENSG00000166582,CENPV
ENSMUSG00000018583,ENSG00000145907,G3BP1
ENSMUSG00000018585,ENSG00000177556,ATOX1
ENSMUSG00000018589,ENSG00000101958,GLRA2
ENSMUSG00000018593,ENSG00000113140,SPARC
ENSMUSG00000018599,ENSG00000177427,MIEF2
ENSMUSG00000018849,ENSG00000113645,WWC1
ENSMUSG00000018899,ENSG00000125347,IRF1
ENSMUSG00000018900,ENSG00000197375,SLC22A5
ENSMUSG00000018906,ENSG00000072682,P4HA2
ENSMUSG00000018914,ENSG00000164399,IL3
ENSMUSG00000018916,ENSG00000164400,CSF2
ENSMUSG00000018931,ENSG00000274180,NATD1
ENSMUSG00000018932,ENSG00000034152,MAP2K3
ENSMUSG00000019102,ENSG00000108602,ALDH3A1
ENSMUSG00000019189,ENSG00000145860,RNF145
ENSMUSG00000019232,ENSG00000164089,ETNPPL
ENSMUSG00000019278,ENSG00000015413,DPEP1
ENSMUSG00000019373,ENSG00000141030,COPS3
ENSMUSG00000019478,ENSG00000168118,RAB4A
ENSMUSG00000019505,ENSG00000170315,UBB
ENSMUSG00000019777,ENSG00000196591,HDAC2
ENSMUSG00000019779,ENSG00000111816,FRK
ENSMUSG00000019782,ENSG00000111832,RWDD1
ENSMUSG00000019785,ENSG00000146352,CLVS2
ENSMUSG00000019787,ENSG00000186439,TRDN
ENSMUSG00000019789,ENSG00000135547,HEY2
ENSMUSG00000019791,ENSG00000111911,HINT3
ENSMUSG00000019792,ENSG00000066651,TRMT11
ENSMUSG00000019797,ENSG00000130349,MTRES1
ENSMUSG00000019802,ENSG00000025796,SEC63
ENSMUSG00000019803,ENSG00000112333,NR2E1
ENSMUSG00000019804,ENSG00000112335,SNX3
ENSMUSG00000019813,ENSG00000183137,CEP57L1
ENSMUSG00000019818,ENSG00000135535,CD164
ENSMUSG00000019822,ENSG00000135587,SMPD2
ENSMUSG00000019823,ENSG00000135596,MICAL1
ENSMUSG00000019826,ENSG00000112365,ZBTB24
ENSMUSG00000019831,ENSG00000112290,WASF1
ENSMUSG00000019834,ENSG00000004809,SLC22A16
ENSMUSG00000019837,ENSG00000155115,GTF3C6
ENSMUSG00000019838,ENSG00000112394,SLC16A10
ENSMUSG00000019841,ENSG00000009413,REV3L
ENSMUSG00000019842,ENSG00000056972,TRAF3IP2
ENSMUSG00000019843,ENSG00000010810,FYN
ENSMUSG00000019845,ENSG00000074935,TUBE1
ENSMUSG00000019846,ENSG00000112769,LAMA4
ENSMUSG00000019848,ENSG00000132429,POPDC3
ENSMUSG00000019849,ENSG00000085377,PREP
ENSMUSG00000019856,ENSG00000111879,FAM184A
ENSMUSG00000019857,ENSG00000111875,ASF1A
ENSMUSG00000019861,ENSG00000047932,GOPC
ENSMUSG00000019863,ENSG00000130348,QRSL1
ENSMUSG00000019864,ENSG00000130347,RTN4IP1
ENSMUSG00000019866,ENSG00000112297,CRYBG1
ENSMUSG00000019880,ENSG00000146374,RSPO3
ENSMUSG00000019883,ENSG00000093144,ECHDC1
ENSMUSG00000019889,ENSG00000152894,PTPRK
ENSMUSG00000019891,ENSG00000164465,DCBLD1
ENSMUSG00000019893,ENSG00000047936,ROS1
ENSMUSG00000019899,ENSG00000196569,LAMA2
ENSMUSG00000019900,ENSG00000185002,RFX6
ENSMUSG00000019905,ENSG00000173612,GPRC6A
ENSMUSG00000019909,ENSG00000183807,FAM162B
ENSMUSG00000019913,ENSG00000112246,SIM1
ENSMUSG00000019978,ENSG00000079819,EPB41L2
ENSMUSG00000019984,ENSG00000112282,MED23
ENSMUSG00000019987,ENSG00000118520,ARG1
ENSMUSG00000019989,ENSG00000154269,ENPP3
ENSMUSG00000019997,ENSG00000118523,CCN2
ENSMUSG00000019998,ENSG00000079950,STX7
ENSMUSG00000020000,ENSG00000079931,MOXD1
ENSMUSG00000020010,"",""
ENSMUSG00000020261,ENSG00000123643,SLC36A1
ENSMUSG00000020264,ENSG00000186335,SLC36A2
ENSMUSG00000020267,ENSG00000169567,HINT1
ENSMUSG00000020268,ENSG00000186687,LYRM7
ENSMUSG00000020326,ENSG00000113328,CCNG1
ENSMUSG00000020328,ENSG00000170584,NUDCD2
ENSMUSG00000020330,ENSG00000072571,HMMR
ENSMUSG00000020332,ENSG00000239642,MEIKIN
ENSMUSG00000020333,ENSG00000164398,ACSL6
ENSMUSG00000020334,ENSG00000197208,SLC22A4
ENSMUSG00000020335,ENSG00000178338,ZNF354B
ENSMUSG00000020340,ENSG00000055163,CYFIP2
ENSMUSG00000020346,ENSG00000131446,MGAT1
ENSMUSG00000020349,ENSG00000113575,PPP2CA
ENSMUSG00000020354,ENSG00000170624,SGCD
ENSMUSG00000020357,ENSG00000037280,FLT4
ENSMUSG00000020358,ENSG00000197451,HNRNPAB
ENSMUSG00000020359,ENSG00000175309,PHYKPL
ENSMUSG00000020361,ENSG00000170606,HSPA4
ENSMUSG00000020362,ENSG00000113300,CNOT6
ENSMUSG00000020363,ENSG00000131459,GFPT2
ENSMUSG00000020364,ENSG00000169131,ZNF354A
ENSMUSG00000020366,ENSG00000050748,MAPK9
ENSMUSG00000020368,ENSG00000127022,CANX
ENSMUSG00000020372,ENSG00000204628,RACK1
ENSMUSG00000020374,ENSG00000146090,RASGEF1C
ENSMUSG00000020375,ENSG00000176783,RUFY1
ENSMUSG00000020376,ENSG00000113269,RNF130
ENSMUSG00000020377,ENSG00000213316,LTC4S
ENSMUSG00000020380,ENSG00000113522,RAD50
ENSMUSG00000020381,ENSG00000161010,MRNIP
ENSMUSG00000020383,ENSG00000169194,IL13
ENSMUSG00000020385,ENSG00000113240,CLK4
ENSMUSG00000020386,ENSG00000152700,SAR1B
ENSMUSG00000020387,ENSG00000043143,JADE2
ENSMUSG00000020388,ENSG00000131435,PDLIM4
ENSMUSG00000020389,ENSG00000006837,CDKL3
ENSMUSG00000020390,ENSG00000119048,UBE2B
ENSMUSG00000020392,ENSG00000237190,CDKN2AIPNL
ENSMUSG00000020395,ENSG00000113263,ITK
ENSMUSG00000020397,ENSG00000155868,MED7
ENSMUSG00000020399,ENSG00000135077,HAVCR2
ENSMUSG00000020400,ENSG00000145901,TNIP1
ENSMUSG00000020401,ENSG00000170613,GARIN3
ENSMUSG00000020402,ENSG00000213585,VDAC1
ENSMUSG00000020405,ENSG00000170231,FABP6
ENSMUSG00000020409,ENSG00000164609,SLU7
ENSMUSG00000020411,ENSG00000172548,NIPAL4
ENSMUSG00000020415,ENSG00000250254,PTTG2
ENSMUSG00000020428,ENSG00000145863,GABRA6
ENSMUSG00000020436,ENSG00000113327,GABRG2
ENSMUSG00000020444,ENSG00000143774,GUK1
ENSMUSG00000020455,ENSG00000154370,TRIM11
ENSMUSG00000020472,ENSG00000162714,ZNF496
ENSMUSG00000020490,"",""
ENSMUSG00000020496,"",""
ENSMUSG00000020514,ENSG00000082515,MRPL22
ENSMUSG00000020515,ENSG00000155508,CNOT8
ENSMUSG00000020519,ENSG00000164576,SAP30L
ENSMUSG00000020520,ENSG00000164574,GALNT10
ENSMUSG00000020522,ENSG00000037749,MFAP3
ENSMUSG00000020523,ENSG00000055147,FAM114A2
ENSMUSG00000020524,ENSG00000155511,GRIA1
ENSMUSG00000020528,ENSG00000141127,PRPSAP2
ENSMUSG00000020534,ENSG00000176974,SHMT1
ENSMUSG00000020536,ENSG00000131899,LLGL1
ENSMUSG00000020537,ENSG00000108591,DRG2
ENSMUSG00000020538,ENSG00000072310,SREBF1
ENSMUSG00000021624,ENSG00000134061,CD180
ENSMUSG00000021692,ENSG00000086189,DIMT1
ENSMUSG00000021693,ENSG00000068796,KIF2A
ENSMUSG00000021694,ENSG00000049167,ERCC8
ENSMUSG00000021696,ENSG00000164181,ELOVL7
ENSMUSG00000021697,ENSG00000035499,DEPDC1B
ENSMUSG00000021699,ENSG00000113448,PDE4D
ENSMUSG00000021700,ENSG00000152932,RAB3C
ENSMUSG00000021701,ENSG00000145632,PLK2
ENSMUSG00000021709,ENSG00000112851,ERBIN
ENSMUSG00000021710,ENSG00000123213,NLN
ENSMUSG00000021711,ENSG00000113597,TRAPPC13
ENSMUSG00000021712,ENSG00000113595,TRIM23
ENSMUSG00000021713,ENSG00000113593,PPWD1
ENSMUSG00000021714,ENSG00000123219,CENPK
ENSMUSG00000021715,ENSG00000153015,CWC27
ENSMUSG00000021716,ENSG00000153006,SREK1IP1
ENSMUSG00000021718,"",""
ENSMUSG00000021719,ENSG00000186479,RGS7BP
ENSMUSG00000021720,ENSG00000164197,RNF180
ENSMUSG00000021721,ENSG00000178394,HTR1A
ENSMUSG00000021725,ENSG00000151883,PARP8
ENSMUSG00000021728,ENSG00000170571,EMB
ENSMUSG00000021730,ENSG00000164588,HCN1
ENSMUSG00000021731,ENSG00000112996,MRPS30
ENSMUSG00000021732,ENSG00000070193,FGF10
ENSMUSG00000021754,ENSG00000095015,MAP3K1
ENSMUSG00000021756,ENSG00000134352,IL6ST
ENSMUSG00000021758,ENSG00000152670,DDX4
ENSMUSG00000021759,ENSG00000067113,PLPP1
ENSMUSG00000021760,ENSG00000164294,GPX8
ENSMUSG00000021763,"",""
ENSMUSG00000022523,ENSG00000114279,FGF12
ENSMUSG00000022525,ENSG00000127252,PLAAT1
ENSMUSG00000022528,ENSG00000114315,HES1
ENSMUSG00000022533,ENSG00000133657,ATP13A3
ENSMUSG00000022537,ENSG00000145014,TMEM44
ENSMUSG00000022538,ENSG00000041802,LSG1
ENSMUSG00000022548,ENSG00000189058,APOD
ENSMUSG00000022619,ENSG00000008735,MAPK8IP2
ENSMUSG00000022620,ENSG00000100299,ARSA
ENSMUSG00000022621,ENSG00000079974,RABL2B
ENSMUSG00000022622,ENSG00000100312,ACR
ENSMUSG00000022623,ENSG00000251322,SHANK3
ENSMUSG00000022629,ENSG00000139116,KIF21A
ENSMUSG00000022770,ENSG00000075711,DLG1
ENSMUSG00000022772,ENSG00000119231,SENP5
ENSMUSG00000022774,ENSG00000114503,NCBP2
ENSMUSG00000022780,ENSG00000163975,MELTF
ENSMUSG00000022781,ENSG00000180370,PAK2
ENSMUSG00000022787,ENSG00000185798,WDR53
ENSMUSG00000022791,ENSG00000061938,TNK2
ENSMUSG00000022797,ENSG00000072274,TFRC
ENSMUSG00000022800,ENSG00000122068,FYTTD1
ENSMUSG00000022801,ENSG00000186001,LRCH3
ENSMUSG00000022802,ENSG00000185621,LMLN
ENSMUSG00000022807,ENSG00000144909,OSBPL11
ENSMUSG00000022808,ENSG00000114520,SNX4
ENSMUSG00000022811,ENSG00000163848,ZNF148
ENSMUSG00000022812,ENSG00000082701,GSK3B
ENSMUSG00000022814,ENSG00000114491,UMPS
ENSMUSG00000022816,ENSG00000163430,FSTL1
ENSMUSG00000022817,ENSG00000082781,ITGB5
ENSMUSG00000022820,ENSG00000065518,NDUFB4
ENSMUSG00000022821,ENSG00000113924,HGD
ENSMUSG00000022824,ENSG00000173702,MUC13
ENSMUSG00000022827,ENSG00000144840,RABL3
ENSMUSG00000022828,ENSG00000153767,GTF2E1
ENSMUSG00000022829,ENSG00000145087,STXBP5L
ENSMUSG00000022831,ENSG00000180353,HCLS1
ENSMUSG00000022832,ENSG00000114547,ROPN1B
ENSMUSG00000022833,ENSG00000175455,CCDC14
ENSMUSG00000022836,ENSG00000065534,MYLK
ENSMUSG00000022837,ENSG00000173226,IQCB1
ENSMUSG00000022838,ENSG00000145088,EAF2
ENSMUSG00000022840,ENSG00000173175,ADCY5
ENSMUSG00000022844,ENSG00000065485,PDIA5
ENSMUSG00000022848,ENSG00000138463,SLC49A4
ENSMUSG00000022849,ENSG00000169087,HSPBAP1
ENSMUSG00000022895,ENSG00000157557,ETS2
ENSMUSG00000022897,ENSG00000157540,DYRK1A
ENSMUSG00000022898,ENSG00000157538,VPS26C
ENSMUSG00000022899,ENSG00000163406,SLC15A2
ENSMUSG00000022900,ENSG00000145103,ILDR1
ENSMUSG00000022901,ENSG00000114013,CD86
ENSMUSG00000022902,ENSG00000121552,CSTA
ENSMUSG00000022905,ENSG00000114030,KPNA1
ENSMUSG00000022906,ENSG00000138496,PARP9
ENSMUSG00000022913,ENSG00000183527,PSMG1
ENSMUSG00000022914,ENSG00000185658,BRWD1
ENSMUSG00000022938,ENSG00000183844,FAM3B
ENSMUSG00000022940,ENSG00000185808,PIGP
ENSMUSG00000022941,ENSG00000183145,RIPPLY3
ENSMUSG00000022945,ENSG00000159259,CHAF1B
ENSMUSG00000022946,ENSG00000142197,DOP1B
ENSMUSG00000022947,ENSG00000159231,CBR3
ENSMUSG00000022948,ENSG00000185917,SETD4
ENSMUSG00000022949,ENSG00000159212,CLIC6
ENSMUSG00000022951,ENSG00000159200,RCAN1
ENSMUSG00000022952,ENSG00000159216,RUNX1
ENSMUSG00000022956,ENSG00000241837,ATP5PO
ENSMUSG00000022957,ENSG00000205726,ITSN1
ENSMUSG00000022960,ENSG00000159147,DONSON
ENSMUSG00000022961,ENSG00000159140,SON
ENSMUSG00000022962,ENSG00000159131,GART
ENSMUSG00000022964,ENSG00000142188,TMEM50B
ENSMUSG00000022965,ENSG00000159128,IFNGR2
ENSMUSG00000022967,ENSG00000142166,IFNAR1
ENSMUSG00000023068,ENSG00000153989,NUS1
ENSMUSG00000023079,ENSG00000006704,GTF2IRD1
ENSMUSG00000023104,ENSG00000049541,RFC2
ENSMUSG00000023132,ENSG00000145649,GZMA
ENSMUSG00000023147,ENSG00000182093,GET1
ENSMUSG00000023176,ENSG00000178772,CPN2
ENSMUSG00000023216,ENSG00000166947,EPB42
ENSMUSG00000023236,ENSG00000166922,SCG5
ENSMUSG00000023330,ENSG00000104047,DTWD1
ENSMUSG00000023336,ENSG00000103175,WFDC1
ENSMUSG00000023341,ENSG00000157601,MX1
ENSMUSG00000023572,ENSG00000166946,CCNDBP1
ENSMUSG00000023707,ENSG00000111325,OGFOD2
ENSMUSG00000023791,ENSG00000163964,PIGX
ENSMUSG00000024104,ENSG00000099290,WASHC2A
ENSMUSG00000024266,ENSG00000140955,ADAD2
ENSMUSG00000025316,ENSG00000172530,BANP
ENSMUSG00000025317,ENSG00000174990,CA5A
ENSMUSG00000025318,ENSG00000154118,JPH3
ENSMUSG00000025337,ENSG00000126524,SBDS
ENSMUSG00000025340,ENSG00000154710,RABGEF1
ENSMUSG00000025451,ENSG00000172239,PAIP1
ENSMUSG00000025453,ENSG00000112992,NNT
ENSMUSG00000025532,ENSG00000241258,CRCP
ENSMUSG00000025533,ENSG00000126522,ASL
ENSMUSG00000025534,ENSG00000169919,GUSB
ENSMUSG00000025537,ENSG00000164776,PHKG1
ENSMUSG00000025538,ENSG00000129103,SUMF2
ENSMUSG00000025701,ENSG00000012779,ALOX5
ENSMUSG00000025702,ENSG00000165406,MARCHF8
ENSMUSG00000025742,ENSG00000101911,PRPS2
ENSMUSG00000025794,ENSG00000188846,RPL14
ENSMUSG00000025808,"",""
ENSMUSG00000025809,ENSG00000150093,ITGB1
ENSMUSG00000025810,ENSG00000099250,NRP1
ENSMUSG00000025812,ENSG00000148498,PARD3
ENSMUSG00000026219,ENSG00000153827,TRIP12
ENSMUSG00000026220,ENSG00000163053,SLC16A14
ENSMUSG00000026222,ENSG00000079263,SP140
ENSMUSG00000026223,ENSG00000135916,ITM2C
ENSMUSG00000026226,ENSG00000173699,SPATA3
ENSMUSG00000026228,ENSG00000135914,HTR2B
ENSMUSG00000026229,ENSG00000173692,PSMD1
ENSMUSG00000026234,ENSG00000115053,NCL
ENSMUSG00000026237,ENSG00000171596,NMUR1
ENSMUSG00000026238,ENSG00000187514,PTMA
ENSMUSG00000026239,ENSG00000156973,PDE6D
ENSMUSG00000026240,ENSG00000144524,COPS7B
ENSMUSG00000026241,ENSG00000163273,NPPC
ENSMUSG00000026246,ENSG00000163295,ALPI
ENSMUSG00000026247,ENSG00000171551,ECEL1
ENSMUSG00000026251,ENSG00000135902,CHRND
ENSMUSG00000026253,ENSG00000196811,CHRNG
ENSMUSG00000026254,ENSG00000135930,EIF4E2
ENSMUSG00000026255,ENSG00000115468,EFHD1
ENSMUSG00000026258,ENSG00000182600,SNORC
ENSMUSG00000026259,ENSG00000066248,NGEF
ENSMUSG00000026260,ENSG00000130414,NDUFA10
ENSMUSG00000026269,ENSG00000142327,RNPEPL1
ENSMUSG00000026270,ENSG00000142330,CAPN10
ENSMUSG00000026271,ENSG00000178623,GPR35
ENSMUSG00000026272,ENSG00000172482,AGXT
ENSMUSG00000026273,ENSG00000122085,MTERF4
ENSMUSG00000026274,ENSG00000115687,PASK
ENSMUSG00000026275,"",""
ENSMUSG00000026276,ENSG00000168385,SEPTIN2
ENSMUSG00000026277,ENSG00000115694,STK25
ENSMUSG00000026278,ENSG00000176720,BOK
ENSMUSG00000026279,ENSG00000176946,THAP4
ENSMUSG00000026280,ENSG00000168397,ATG4B
ENSMUSG00000026281,ENSG00000168393,DTYMK
ENSMUSG00000026283,ENSG00000168395,ING5
ENSMUSG00000026285,ENSG00000188389,PDCD1
ENSMUSG00000026288,ENSG00000168918,INPP5D
ENSMUSG00000026289,ENSG00000085978,ATG16L1
ENSMUSG00000026295,ENSG00000072080,SPP2
ENSMUSG00000026301,ENSG00000132321,IQCA1
ENSMUSG00000026303,ENSG00000115648,MLPH
ENSMUSG00000026304,ENSG00000124839,RAB17
ENSMUSG00000026305,ENSG00000124831,LRRFIP1
ENSMUSG00000026307,ENSG00000132330,SCLY
ENSMUSG00000026308,ENSG00000168427,KLHL30
ENSMUSG00000026309,ENSG00000132323,ILKAP
ENSMUSG00000026311,ENSG00000065802,ASB1
ENSMUSG00000026313,ENSG00000068024,HDAC4
ENSMUSG00000026315,ENSG00000166401,SERPINB8
ENSMUSG00000026319,ENSG00000134444,RELCH
ENSMUSG00000026321,ENSG00000141655,TNFRSF11A
ENSMUSG00000026327,ENSG00000206072,SERPINB11
ENSMUSG00000026331,ENSG00000205359,SLCO6A1
ENSMUSG00000026333,ENSG00000145723,GIN1
ENSMUSG00000026335,ENSG00000145730,PAM
ENSMUSG00000026336,ENSG00000205359,SLCO6A1
ENSMUSG00000026339,ENSG00000125633,CCDC93
ENSMUSG00000026341,ENSG00000115091,ACTR3
ENSMUSG00000026342,ENSG00000115084,SLC35F5
ENSMUSG00000026343,ENSG00000183840,GPR39
ENSMUSG00000026344,ENSG00000150551,LYPD1
ENSMUSG00000026347,ENSG00000152128,TMEM163
ENSMUSG00000026348,ENSG00000153086,ACMSD
ENSMUSG00000026349,ENSG00000082258,CCNT2
ENSMUSG00000026353,ENSG00000144224,UBXN4
ENSMUSG00000026354,ENSG00000115850,LCT
ENSMUSG00000026355,ENSG00000076003,MCM6
ENSMUSG00000026356,ENSG00000115866,DARS1
ENSMUSG00000026374,ENSG00000211460,TSN
ENSMUSG00000026377,ENSG00000155438,NIFK
ENSMUSG00000026380,ENSG00000115112,TFCP2L1
ENSMUSG00000026383,ENSG00000115109,EPB41L5
ENSMUSG00000026384,ENSG00000088179,PTPN4
ENSMUSG00000026385,ENSG00000155368,DBI
ENSMUSG00000026387,ENSG00000080293,SCTR
ENSMUSG00000026389,ENSG00000115107,STEAP3
ENSMUSG00000026390,ENSG00000019169,MARCO
ENSMUSG00000027115,ENSG00000121621,KIF18A
ENSMUSG00000027120,ENSG00000131808,FSHB
ENSMUSG00000027122,ENSG00000152219,ARL14EP
ENSMUSG00000027130,ENSG00000140199,SLC12A6
ENSMUSG00000027131,ENSG00000128463,EMC4
ENSMUSG00000027132,ENSG00000134152,KATNBL1
ENSMUSG00000027133,ENSG00000182117,NOP10
ENSMUSG00000027134,ENSG00000176454,LPCAT4
ENSMUSG00000027157,ENSG00000188877,POTEA
ENSMUSG00000027160,ENSG00000109881,CCDC34
ENSMUSG00000027162,ENSG00000148943,LIN7C
ENSMUSG00000027199,ENSG00000171766,GATM
ENSMUSG00000027200,ENSG00000137872,SEMA6D
ENSMUSG00000027201,ENSG00000104177,MYEF2
ENSMUSG00000027202,ENSG00000074803,SLC12A1
ENSMUSG00000027203,ENSG00000128951,DUT
ENSMUSG00000027204,ENSG00000166147,FBN1
ENSMUSG00000027206,ENSG00000166200,COPS2
ENSMUSG00000027207,ENSG00000156958,GALK2
ENSMUSG00000027208,ENSG00000140285,FGF7
ENSMUSG00000027209,ENSG00000166262,FAM227B
ENSMUSG00000027210,ENSG00000134138,MEIS2
ENSMUSG00000027219,ENSG00000137860,SLC28A2
ENSMUSG00000027224,ENSG00000140254,DUOXA1
ENSMUSG00000027225,ENSG00000140274,DUOXA2
ENSMUSG00000027227,ENSG00000140263,SORD
ENSMUSG00000027229,ENSG00000167014,TERB2
ENSMUSG00000027233,ENSG00000229474,PATL2
ENSMUSG00000027236,ENSG00000104131,EIF3J
ENSMUSG00000027238,ENSG00000171877,FRMD5
ENSMUSG00000027242,ENSG00000092470,WDR76
ENSMUSG00000027245,ENSG00000242028,HYPK
ENSMUSG00000027246,ENSG00000128886,ELL3
ENSMUSG00000027248,ENSG00000167004,PDIA3
ENSMUSG00000027254,ENSG00000166963,MAP1A
ENSMUSG00000027259,ENSG00000168803,MAPDA
ENSMUSG00000027261,ENSG00000101323,HAO1
ENSMUSG00000027263,ENSG00000137822,TUBGCP4
ENSMUSG00000027270,ENSG00000125869,LAMP5
ENSMUSG00000027272,ENSG00000159459,UBR1
ENSMUSG00000027273,ENSG00000132639,SNAP25
ENSMUSG00000027274,ENSG00000125863,MKKS
ENSMUSG00000027276,ENSG00000101384,JAG1
ENSMUSG00000027281,ENSG00000149346,SLX4IP
ENSMUSG00000027284,ENSG00000140326,CDAN1
ENSMUSG00000027285,ENSG00000137814,HAUS2
ENSMUSG00000027286,ENSG00000180979,LRRC57
ENSMUSG00000027287,ENSG00000092531,SNAP23
ENSMUSG00000027288,ENSG00000103994,ZNF106
ENSMUSG00000027291,ENSG00000166887,VPS39
ENSMUSG00000027293,ENSG00000103966,EHD4
ENSMUSG00000027296,ENSG00000137825,ITPKA
ENSMUSG00000027297,ENSG00000062524,LTK
ENSMUSG00000027298,ENSG00000092445,TYRO3
ENSMUSG00000027300,ENSG00000185019,UBOX5
ENSMUSG00000027301,ENSG00000101405,OXT
ENSMUSG00000027303,ENSG00000132670,PTPRA
ENSMUSG00000027304,ENSG00000137815,RTF1
ENSMUSG00000027305,ENSG00000137806,NDUFAF1
ENSMUSG00000027306,ENSG00000137804,NUSAP1
ENSMUSG00000027309,ENSG00000088854,DNAAF9
ENSMUSG00000027312,ENSG00000088812,ATRN
ENSMUSG00000027313,ENSG00000128965,CHAC1
ENSMUSG00000027314,ENSG00000128917,DLL4
ENSMUSG00000027315,ENSG00000166145,SPINT1
ENSMUSG00000027316,ENSG00000125861,GFRA4
ENSMUSG00000027317,ENSG00000166143,PPP1R14D
ENSMUSG00000027318,ENSG00000149451,ADAM33
ENSMUSG00000027322,ENSG00000088827,SIGLEC1
ENSMUSG00000027323,ENSG00000051180,RAD51
ENSMUSG00000027324,ENSG00000166133,RPUSD2
ENSMUSG00000027326,ENSG00000137812,KNL1
ENSMUSG00000027327,ENSG00000101220,ADISSP
ENSMUSG00000027329,ENSG00000101222,SPEF1
ENSMUSG00000027330,ENSG00000101224,CDC25B
ENSMUSG00000027331,ENSG00000128944,KNSTRN
ENSMUSG00000027332,ENSG00000128928,IVD
ENSMUSG00000027333,ENSG00000088826,SMOX
ENSMUSG00000027335,ENSG00000171873,ADRA1D
ENSMUSG00000027338,ENSG00000171864,PRND
ENSMUSG00000027339,ENSG00000101265,RASSF2
ENSMUSG00000027340,ENSG00000089057,SLC23A2
ENSMUSG00000027341,ENSG00000089063,TMEM230
ENSMUSG00000027342,ENSG00000132646,PCNA
ENSMUSG00000027344,ENSG00000150667,FSIP1
ENSMUSG00000027346,ENSG00000125772,GPCPD1
ENSMUSG00000027347,ENSG00000172575,RASGRP1
ENSMUSG00000027349,ENSG00000171262,FAM98B
ENSMUSG00000027350,ENSG00000089199,CHGB
ENSMUSG00000027351,ENSG00000166068,SPRED1
ENSMUSG00000027353,ENSG00000125885,MCM8
ENSMUSG00000027355,ENSG00000166069,TMCO5A
ENSMUSG00000027356,ENSG00000101311,FERMT1
ENSMUSG00000027357,ENSG00000088766,CRLS1
ENSMUSG00000027358,ENSG00000125845,BMP2
ENSMUSG00000027359,ENSG00000140284,SLC27A2
ENSMUSG00000027360,ENSG00000140287,HDC
ENSMUSG00000027361,ENSG00000104064,GABPB1
ENSMUSG00000027363,ENSG00000138592,USP8
ENSMUSG00000027364,ENSG00000170236,USP50
ENSMUSG00000027365,ENSG00000092439,TRPM7
ENSMUSG00000027366,ENSG00000138600,SPPL2A
ENSMUSG00000027367,ENSG00000084090,STARD7
ENSMUSG00000027368,ENSG00000158050,DUSP2
ENSMUSG00000027371,ENSG00000115042,FAHD2A
ENSMUSG00000027374,ENSG00000144029,MRPS5
ENSMUSG00000027375,ENSG00000172005,MAL
ENSMUSG00000027376,ENSG00000155066,PROM2
ENSMUSG00000027377,ENSG00000144063,MALL
ENSMUSG00000027378,ENSG00000144061,NPHP1
ENSMUSG00000027379,ENSG00000169679,BUB1
ENSMUSG00000027380,ENSG00000153093,ACOXL
ENSMUSG00000027381,ENSG00000153094,BCL2L11
ENSMUSG00000027386,ENSG00000144152,FBLN7
ENSMUSG00000027387,ENSG00000144161,ZC3H8
ENSMUSG00000027394,ENSG00000114999,TTL
ENSMUSG00000027395,ENSG00000125630,POLR1B
ENSMUSG00000027397,ENSG00000144136,SLC20A1
ENSMUSG00000027398,ENSG00000125538,IL1B
ENSMUSG00000027399,ENSG00000115008,IL1A
ENSMUSG00000027400,ENSG00000101327,PDYN
ENSMUSG00000027401,ENSG00000125780,TGM3
ENSMUSG00000027403,ENSG00000166948,TGM6
ENSMUSG00000027404,ENSG00000125835,SNRPB
ENSMUSG00000027405,ENSG00000101361,NOP56
ENSMUSG00000027406,ENSG00000101365,IDH3B
ENSMUSG00000027408,ENSG00000088882,CPXM1
ENSMUSG00000027411,ENSG00000215305,VPS16
ENSMUSG00000027967,ENSG00000178403,NEUROG2
ENSMUSG00000027968,ENSG00000174720,LARP7
ENSMUSG00000027983,ENSG00000155016,CYP2U1
ENSMUSG00000027984,ENSG00000138796,HADH
ENSMUSG00000027985,ENSG00000138795,LEF1
ENSMUSG00000027994,ENSG00000005059,MCUB
ENSMUSG00000027997,ENSG00000138794,CASP6
ENSMUSG00000027999,ENSG00000123739,PLA2G12A
ENSMUSG00000028010,ENSG00000109534,GAR1
ENSMUSG00000028012,ENSG00000180245,RRH
ENSMUSG00000028013,ENSG00000138777,PPA2
ENSMUSG00000028016,ENSG00000138785,INTS12
ENSMUSG00000028017,ENSG00000138798,EGF
ENSMUSG00000028018,ENSG00000138780,GSTCD
ENSMUSG00000028023,ENSG00000164093,PITX2
ENSMUSG00000028024,ENSG00000138792,ENPEP
ENSMUSG00000028028,ENSG00000073331,ALPK1
ENSMUSG00000028029,ENSG00000164022,AIMP1
ENSMUSG00000028030,ENSG00000145348,TBCK
ENSMUSG00000028031,ENSG00000155011,DKK2
ENSMUSG00000028032,ENSG00000138801,PAPSS1
ENSMUSG00000028138,ENSG00000197894,ADH5
ENSMUSG00000028149,ENSG00000138698,RAP1GDS1
ENSMUSG00000028152,ENSG00000168785,TSPAN5
ENSMUSG00000028156,ENSG00000151247,EIF4E
ENSMUSG00000028158,ENSG00000138823,MTTP
ENSMUSG00000028159,ENSG00000070190,DAPP1
ENSMUSG00000028161,ENSG00000138814,PPP3CA
ENSMUSG00000028163,ENSG00000109320,NFKB1
ENSMUSG00000028164,ENSG00000109323,MANBA
ENSMUSG00000028165,ENSG00000145354,CISD2
ENSMUSG00000028167,ENSG00000164039,BDH2
ENSMUSG00000028172,ENSG00000169836,TACR3
ENSMUSG00000028184,ENSG00000117114,ADGRL2
ENSMUSG00000028185,ENSG00000137976,DNASE2B
ENSMUSG00000028186,"",""
ENSMUSG00000028187,ENSG00000117133,RPF1
ENSMUSG00000028188,ENSG00000122432,SPATA1
ENSMUSG00000028189,ENSG00000117151,CTBS
ENSMUSG00000028191,ENSG00000142867,BCL10
ENSMUSG00000028194,ENSG00000153904,DDAH1
ENSMUSG00000028195,ENSG00000142871,CCN1
ENSMUSG00000028197,"",""
ENSMUSG00000028255,ENSG00000016490,CLCA1
ENSMUSG00000028256,ENSG00000122417,ODF2L
ENSMUSG00000028262,"",""
ENSMUSG00000028266,ENSG00000143013,LMO4
ENSMUSG00000028268,ENSG00000162654,GBP4
ENSMUSG00000028270,ENSG00000162645,GBP2
ENSMUSG00000028271,ENSG00000137947,GTF2B
ENSMUSG00000028273,ENSG00000163110,PDLIM5
ENSMUSG00000029387,ENSG00000111358,GTF2H3
ENSMUSG00000029388,ENSG00000111361,EIF2B1
ENSMUSG00000029389,ENSG00000111364,DDX55
ENSMUSG00000029390,ENSG00000086598,TMED2
ENSMUSG00000029392,ENSG00000188026,RILPL1
ENSMUSG00000029394,ENSG00000111328,CDK2AP1
ENSMUSG00000029401,ENSG00000150977,RILPL2
ENSMUSG00000029402,ENSG00000184209,SNRNP35
ENSMUSG00000029404,ENSG00000182196,ARL6IP4
ENSMUSG00000029406,ENSG00000090975,PITPNM2
ENSMUSG00000029416,ENSG00000139370,SLC15A4
ENSMUSG00000029420,ENSG00000060709,RIMBP2
ENSMUSG00000029423,ENSG00000125207,PIWIL1
ENSMUSG00000029428,ENSG00000111450,STX2
ENSMUSG00000029430,ENSG00000132341,RAN
ENSMUSG00000029432,ENSG00000146729,NIPSNAP2
ENSMUSG00000029436,ENSG00000198598,MMP17
ENSMUSG00000029439,ENSG00000061936,SFSWAP
ENSMUSG00000029446,ENSG00000146733,PSPH
ENSMUSG00000029447,ENSG00000146731,CCT6A
ENSMUSG00000029478,ENSG00000196498,NCOR2
ENSMUSG00000029480,ENSG00000150990,DHX37
ENSMUSG00000029482,ENSG00000081760,AACS
ENSMUSG00000029673,ENSG00000158321,AUTS2
ENSMUSG00000029674,ENSG00000106683,LIMK1
ENSMUSG00000029675,ENSG00000049540,ELN
ENSMUSG00000029681,ENSG00000106635,BCL7B
ENSMUSG00000030020,ENSG00000163637,PRICKLE2
ENSMUSG00000030022,ENSG00000163638,ADAMTS9
ENSMUSG00000030029,ENSG00000144749,LRIG1
ENSMUSG00000030031,ENSG00000163376,KBTBD8
ENSMUSG00000030059,ENSG00000144747,TMF1
ENSMUSG00000030061,ENSG00000144744,UBA3
ENSMUSG00000030064,ENSG00000114541,FRMD4B
ENSMUSG00000030067,ENSG00000114861,FOXP1
ENSMUSG00000030069,ENSG00000163421,PROK2
ENSMUSG00000030074,ENSG00000172986,GXYLT2
ENSMUSG00000030075,ENSG00000113805,CNTN3
ENSMUSG00000030077,ENSG00000134121,CHL1
ENSMUSG00000030087,ENSG00000163884,KLF15
ENSMUSG00000030088,ENSG00000144908,ALDH1L1
ENSMUSG00000030089,ENSG00000114544,SLC41A3
ENSMUSG00000030091,ENSG00000132182,NUP210
ENSMUSG00000030092,ENSG00000134115,CNTN6
ENSMUSG00000030093,ENSG00000154764,WNT7A
ENSMUSG00000030094,ENSG00000154767,XPC
ENSMUSG00000030095,ENSG00000170876,TMEM43
ENSMUSG00000030096,ENSG00000131389,SLC6A6
ENSMUSG00000030098,ENSG00000144596,GRIP2
ENSMUSG00000030101,ENSG00000144455,SUMF1
ENSMUSG00000030102,ENSG00000150995,ITPR1
ENSMUSG00000030103,ENSG00000134107,BHLHE40
ENSMUSG00000030104,ENSG00000134109,EDEM1
ENSMUSG00000030105,ENSG00000134108,ARL8B
ENSMUSG00000030110,ENSG00000165731,RET
ENSMUSG00000030123,ENSG00000004399,PLXND1
ENSMUSG00000030126,ENSG00000172765,TMCC1
ENSMUSG00000030134,ENSG00000198915,RASGEF1A
ENSMUSG00000030138,ENSG00000165733,BMS1
ENSMUSG00000030145,ENSG00000198105,ZNF248
ENSMUSG00000030254,ENSG00000070950,RAD18
ENSMUSG00000030257,ENSG00000196220,SRGAP3
ENSMUSG00000030264,ENSG00000134077,THUMPD3
ENSMUSG00000030269,ENSG00000163719,MTMR14
ENSMUSG00000030270,ENSG00000144550,CPNE9
ENSMUSG00000030271,ENSG00000114026,OGG1
ENSMUSG00000030272,ENSG00000134072,CAMK1
ENSMUSG00000030276,ENSG00000214021,TTLL3
ENSMUSG00000030278,ENSG00000187288,CIDEC
ENSMUSG00000030281,ENSG00000163702,IL17RC
ENSMUSG00000030284,ENSG00000163703,CRELD1
ENSMUSG00000030286,ENSG00000125037,EMC3
ENSMUSG00000030298,ENSG00000157020,SEC13
ENSMUSG00000030302,ENSG00000157087,ATP2B2
ENSMUSG00000030319,ENSG00000144712,CAND2
ENSMUSG00000030321,ENSG00000172771,EFCAB12
ENSMUSG00000030322,ENSG00000129071,MBD4
ENSMUSG00000030323,ENSG00000163913,IFT122
ENSMUSG00000030324,ENSG00000163914,RHO
ENSMUSG00000031342,ENSG00000046653,GPM6B
ENSMUSG00000031352,ENSG00000004961,HCCS
ENSMUSG00000031354,ENSG00000125363,AMELX
ENSMUSG00000031355,ENSG00000047648,ARHGAP6
ENSMUSG00000031358,ENSG00000005302,MSL3
ENSMUSG00000031367,ENSG00000182287,AP1S2
ENSMUSG00000031370,"",""
ENSMUSG00000031373,ENSG00000169239,CA5B
ENSMUSG00000031377,ENSG00000102010,BMX
ENSMUSG00000031379,ENSG00000087842,PIR
ENSMUSG00000031380,ENSG00000165197,VEGFD
ENSMUSG00000031381,ENSG00000165195,PIGA
ENSMUSG00000031382,ENSG00000165192,ASB11
ENSMUSG00000031384,ENSG00000102048,ASB9
ENSMUSG00000031756,ENSG00000166451,CENPN
ENSMUSG00000031758,ENSG00000166446,CDYL2
ENSMUSG00000031767,ENSG00000140876,NUDT7
ENSMUSG00000031772,ENSG00000152910,CNTNAP4
ENSMUSG00000031812,"",""
ENSMUSG00000031816,ENSG00000103248,MTHFSD
ENSMUSG00000031818,ENSG00000131143,COX4I1
ENSMUSG00000031819,ENSG00000131148,EMC8
ENSMUSG00000031821,ENSG00000131153,GINS2
ENSMUSG00000031822,ENSG00000131149,GSE1
ENSMUSG00000031823,ENSG00000153786,ZDHHC7
ENSMUSG00000031825,ENSG00000103196,CRISPLD2
ENSMUSG00000031826,ENSG00000103194,USP10
ENSMUSG00000031827,ENSG00000103187,COTL1
ENSMUSG00000031828,ENSG00000135686,KLHL36
ENSMUSG00000031831,ENSG00000154099,DNAAF1
ENSMUSG00000031832,ENSG00000103168,TAF1C
ENSMUSG00000031835,ENSG00000140943,MBTPS1
ENSMUSG00000031837,ENSG00000103154,NECAB2
ENSMUSG00000031839,ENSG00000230989,HSBP1
ENSMUSG00000031841,ENSG00000140945,CDH13
ENSMUSG00000031843,ENSG00000135698,MPHOSPH6
ENSMUSG00000031844,ENSG00000086696,HSD17B2
ENSMUSG00000031845,ENSG00000135697,BCO1
ENSMUSG00000031851,ENSG00000135778,NTPCR
ENSMUSG00000031853,ENSG00000143674,MAP3K21
ENSMUSG00000031948,ENSG00000065427,KARS1
ENSMUSG00000031949,ENSG00000065457,ADAT1
ENSMUSG00000031962,ENSG00000129910,CDH15
ENSMUSG00000031967,"",""
ENSMUSG00000031970,ENSG00000003249,DBNDD1
ENSMUSG00000031971,ENSG00000154429,CCSAP
ENSMUSG00000031972,ENSG00000143632,ACTA1
ENSMUSG00000031974,ENSG00000135776,ABCB10
ENSMUSG00000031976,ENSG00000135763,URB2
ENSMUSG00000031979,ENSG00000135775,COG2
ENSMUSG00000031980,ENSG00000135744,AGT
ENSMUSG00000031981,ENSG00000135773,CAPN9
ENSMUSG00000031982,ENSG00000173409,ARV1
ENSMUSG00000031984,ENSG00000143633,FSAF1
ENSMUSG00000031985,ENSG00000116906,GNPAT
ENSMUSG00000031986,ENSG00000010072,SPRTN
ENSMUSG00000031987,ENSG00000135766,EGLN1
ENSMUSG00000032446,ENSG00000163508,EOMES
ENSMUSG00000032508,ENSG00000172936,MYD88
ENSMUSG00000032511,ENSG00000183873,SCN5A
ENSMUSG00000032512,ENSG00000114742,WDR48
ENSMUSG00000032513,ENSG00000114745,GORASP1
ENSMUSG00000032514,ENSG00000168026,TTC21A
ENSMUSG00000032515,ENSG00000144655,CSRNP1
ENSMUSG00000032517,ENSG00000168314,MOBP
ENSMUSG00000032518,ENSG00000288920,RPSA2
ENSMUSG00000032519,ENSG00000144659,SLC25A38
ENSMUSG00000032523,ENSG00000010282,HHATL
ENSMUSG00000032525,ENSG00000114857,NKTR
ENSMUSG00000032526,ENSG00000008324,SS18L2
ENSMUSG00000032528,ENSG00000114812,VIPR1
ENSMUSG00000032530,ENSG00000157093,LYZL4
ENSMUSG00000032532,ENSG00000187094,CCK
ENSMUSG00000032536,ENSG00000182606,TRAK1
ENSMUSG00000032540,ENSG00000011198,ABHD5
ENSMUSG00000032615,ENSG00000205309,NT5M
ENSMUSG00000032621,"",""
ENSMUSG00000032633,ENSG00000154803,FLCN
ENSMUSG00000032691,ENSG00000162711,NLRP3
ENSMUSG00000032727,ENSG00000155545,MIER3
ENSMUSG00000032745,ENSG00000062194,GPBP1
ENSMUSG00000032815,ENSG00000187741,FANCA
ENSMUSG00000032826,ENSG00000145362,ANK2
ENSMUSG00000032846,ENSG00000130449,ZSWIM6
ENSMUSG00000033213,ENSG00000166920,C15orf48
ENSMUSG00000033256,ENSG00000138606,SHF
ENSMUSG00000033268,ENSG00000137857,DUOX1
ENSMUSG00000033368,ENSG00000185880,TRIM69
ENSMUSG00000033396,ENSG00000104133,SPG11
ENSMUSG00000033409,ENSG00000205078,SYCE1L
ENSMUSG00000033411,ENSG00000137770,CTDSPL2
ENSMUSG00000033430,ENSG00000166848,TERF2IP
ENSMUSG00000033486,ENSG00000166762,CATSPER2
ENSMUSG00000033498,ENSG00000242866,STRC
ENSMUSG00000033526,ENSG00000168781,PPIP5K1
ENSMUSG00000033594,ENSG00000158792,SPATA2L
ENSMUSG00000033705,"",""
ENSMUSG00000033808,ENSG00000103978,TMEM87A
ENSMUSG00000033862,ENSG00000185324,CDK10
ENSMUSG00000033902,ENSG00000137802,MAPKBP1
ENSMUSG00000033931,ENSG00000188739,RBM34
ENSMUSG00000033933,ENSG00000134086,VHL
ENSMUSG00000033940,ENSG00000254999,BRK1
ENSMUSG00000033943,ENSG00000174197,MGA
ENSMUSG00000033963,ENSG00000163705,FANCD2OS
ENSMUSG00000033998,ENSG00000135750,KCNK1
ENSMUSG00000034000,ENSG00000204099,NEU4
ENSMUSG00000034023,ENSG00000144554,FANCD2
ENSMUSG00000034032,ENSG00000103932,RPAP1
ENSMUSG00000034037,ENSG00000154783,FGD5
ENSMUSG00000034040,ENSG00000185274,GALNT17
ENSMUSG00000034066,ENSG00000006607,FARP2
ENSMUSG00000034083,ENSG00000154781,CCDC174
ENSMUSG00000034088,ENSG00000115677,HDLBP
ENSMUSG00000034105,ENSG00000140950,MEAK7
ENSMUSG00000034107,ENSG00000146205,ANO7
ENSMUSG00000034110,ENSG00000243335,KCTD7
ENSMUSG00000034112,ENSG00000064270,ATP2C2
ENSMUSG00000034115,ENSG00000168356,SCN11A
ENSMUSG00000034118,ENSG00000169902,TPST1
ENSMUSG00000034154,ENSG00000128908,INO80
ENSMUSG00000034158,ENSG00000163428,LRRC58
ENSMUSG00000034159,ENSG00000172478,MAB21L4
ENSMUSG00000034173,ENSG00000232040,SCAND3
ENSMUSG00000034189,ENSG00000103160,HSDL1
ENSMUSG00000034192,ENSG00000170860,LSM3
ENSMUSG00000034203,ENSG00000163528,CHCHD4
ENSMUSG00000034206,ENSG00000051341,POLQ
ENSMUSG00000034211,ENSG00000239789,MRPS17
ENSMUSG00000034212,ENSG00000144504,ANKMY1
ENSMUSG00000034216,ENSG00000104142,VPS18
ENSMUSG00000034219,ENSG00000154997,SEPTIN14
ENSMUSG00000034220,ENSG00000063660,GPC1
ENSMUSG00000034224,ENSG00000166558,SLC38A8
ENSMUSG00000034226,ENSG00000104140,RHOV
ENSMUSG00000034243,ENSG00000173230,GOLGB1
ENSMUSG00000034245,ENSG00000163517,HDAC11
ENSMUSG00000034269,ENSG00000168137,SETD5
ENSMUSG00000034278,ENSG00000104129,DNAJC17
ENSMUSG00000034292,ENSG00000204104,TRAF3IP1
ENSMUSG00000034308,ENSG00000184860,SDR42E1
ENSMUSG00000034310,ENSG00000151952,TMEM132D
ENSMUSG00000034312,ENSG00000144711,IQSEC1
ENSMUSG00000034324,ENSG00000181234,TMEM132C
ENSMUSG00000034330,ENSG00000197943,PLCG2
ENSMUSG00000034343,ENSG00000184182,UBE2F
ENSMUSG00000034353,ENSG00000132329,RAMP1
ENSMUSG00000034362,ENSG00000121552,CSTA
ENSMUSG00000034379,ENSG00000196981,WDR5B
ENSMUSG00000034387,ENSG00000125046,SSUH2
ENSMUSG00000034390,ENSG00000153815,CMIP
ENSMUSG00000034416,ENSG00000166473,PKD1L2
ENSMUSG00000034422,ENSG00000173193,PARP14
ENSMUSG00000034424,ENSG00000140905,GCSH
ENSMUSG00000034430,ENSG00000070476,ZXDC
ENSMUSG00000034432,ENSG00000198612,COPS8
ENSMUSG00000034456,ENSG00000159650,UROC1
ENSMUSG00000034467,ENSG00000168589,DYNLRB2
ENSMUSG00000034473,ENSG00000121542,SEC22A
ENSMUSG00000034486,ENSG00000168505,GBX2
ENSMUSG00000034533,ENSG00000185313,SCN10A
ENSMUSG00000034639,"",""
ENSMUSG00000034648,ENSG00000175928,LRRN1
ENSMUSG00000034723,ENSG00000125827,TMX4
ENSMUSG00000034751,ENSG00000069020,MAST4
ENSMUSG00000034796,ENSG00000178773,CPNE7
ENSMUSG00000034800,ENSG00000275111,ZNF2
ENSMUSG00000034850,ENSG00000135956,TMEM127
ENSMUSG00000034906,ENSG00000121152,NCAPH
ENSMUSG00000035093,ENSG00000138593,SECISBP2L
ENSMUSG00000035109,ENSG00000185634,SHC4
ENSMUSG00000035158,ENSG00000187098,MITF
ENSMUSG00000035183,ENSG00000188467,SLC24A5
ENSMUSG00000035199,ENSG00000144746,ARL6IP5
ENSMUSG00000035245,ENSG00000163378,EOGT
ENSMUSG00000035299,ENSG00000101871,MID1
ENSMUSG00000035357,ENSG00000121440,PDZRN3
ENSMUSG00000035376,ENSG00000206527,HACD2
ENSMUSG00000035378,ENSG00000144736,SHQ1
ENSMUSG00000035506,ENSG00000221955,SLC12A8
ENSMUSG00000035569,ENSG00000167522,ANKRD11
ENSMUSG00000035578,ENSG00000114473,IQCG
ENSMUSG00000035629,ENSG00000145016,RUBCN
ENSMUSG00000035638,ENSG00000176945,MUC20
ENSMUSG00000035699,ENSG00000163959,SLC51A
ENSMUSG00000035764,ENSG00000174013,FBXO45
ENSMUSG00000035769,ENSG00000093217,XYLB
ENSMUSG00000035790,ENSG00000174007,CEP19
ENSMUSG00000035992,ENSG00000217128,FNIP1
ENSMUSG00000036086,ENSG00000121988,ZRANB3
ENSMUSG00000036104,ENSG00000115839,RAB3GAP1
ENSMUSG00000036117,ENSG00000113525,IL5
ENSMUSG00000036138,ENSG00000060971,ACAA1
ENSMUSG00000036155,ENSG00000152127,MGAT5
ENSMUSG00000036206,ENSG00000130147,SH3BP4
ENSMUSG00000036216,ENSG00000164406,LEAP2
ENSMUSG00000036251,ENSG00000144481,TRPM8
ENSMUSG00000036264,ENSG00000053108,FSTL4
ENSMUSG00000036273,ENSG00000188906,LRRK2
ENSMUSG00000036298,ENSG00000151229,SLC2A13
ENSMUSG00000036309,ENSG00000113558,SKP1
ENSMUSG00000036391,ENSG00000113615,SEC24A
ENSMUSG00000036480,ENSG00000237412,PRSS56
ENSMUSG00000036500,ENSG00000163295,ALPI
ENSMUSG00000036545,ENSG00000087116,ADAMTS2
ENSMUSG00000036574,ENSG00000177673,TEX44
ENSMUSG00000036620,ENSG00000161013,MGAT4B
ENSMUSG00000036644,ENSG00000197226,TBC1D9B
ENSMUSG00000036707,ENSG00000135932,CAB39
ENSMUSG00000036737,ENSG00000172939,OXSR1
ENSMUSG00000036745,ENSG00000137941,TTLL7
ENSMUSG00000036766,ENSG00000187957,DNER
ENSMUSG00000036768,ENSG00000163808,KIF15
ENSMUSG00000036815,ENSG00000175497,DPP10
ENSMUSG00000036819,ENSG00000081692,JMJD4
ENSMUSG00000036825,ENSG00000117155,SSX2IP
ENSMUSG00000036832,ENSG00000171517,LPAR3
ENSMUSG00000036853,ENSG00000055732,MCOLN3
ENSMUSG00000036860,ENSG00000162910,MRPL55
ENSMUSG00000036863,ENSG00000097096,SYDE2
ENSMUSG00000036907,ENSG00000144119,C1QL2
ENSMUSG00000036913,ENSG00000119283,TRIM67
ENSMUSG00000036960,ENSG00000137975,CLCA2
ENSMUSG00000036962,ENSG00000163075,CFAP221
ENSMUSG00000036964,ENSG00000162931,TRIM17
ENSMUSG00000036975,ENSG00000144120,TMEM177
ENSMUSG00000037001,ENSG00000171827,ZNF570
ENSMUSG00000037033,"",""
ENSMUSG00000037035,ENSG00000163083,INHBB
ENSMUSG00000037062,ENSG00000097033,SH3GLB1
ENSMUSG00000037072,ENSG00000183291,SELENOF
ENSMUSG00000037124,ENSG00000162722,TRIM58
ENSMUSG00000037145,"",""
ENSMUSG00000037243,ENSG00000171163,ZNF692
ENSMUSG00000037275,ENSG00000082516,GEMIN5
ENSMUSG00000037300,ENSG00000143643,TTC13
ENSMUSG00000037331,ENSG00000155506,LARP1
ENSMUSG00000037335,ENSG00000113196,HAND1
ENSMUSG00000037370,ENSG00000197594,ENPP1
ENSMUSG00000037376,ENSG00000089195,TRMT6
ENSMUSG00000037393,ENSG00000132911,NMUR2
ENSMUSG00000037424,ENSG00000237110,TAAR9
ENSMUSG00000037440,ENSG00000112299,VNN1
ENSMUSG00000037455,ENSG00000146409,SLC18B1
ENSMUSG00000037482,"",""
ENSMUSG00000037514,ENSG00000125779,PANK2
ENSMUSG00000037523,ENSG00000088888,MAVS
ENSMUSG00000037533,ENSG00000158987,RAPGEF6
ENSMUSG00000037703,ENSG00000088899,LZTS3
ENSMUSG00000037727,ENSG00000101200,AVP
ENSMUSG00000037740,ENSG00000125901,MRPS26
ENSMUSG00000037773,ENSG00000132635,PCED1A
ENSMUSG00000037797,ENSG00000198099,ADH4
ENSMUSG00000037885,ENSG00000125834,STK35
ENSMUSG00000037894,"",""
ENSMUSG00000037902,ENSG00000089012,SIRPG
ENSMUSG00000037905,ENSG00000184992,BRI3BP
ENSMUSG00000037922,ENSG00000153064,BANK1
ENSMUSG00000037936,ENSG00000073060,SCARB1
ENSMUSG00000037938,ENSG00000125611,CHCHD5
ENSMUSG00000037949,ENSG00000160746,ANO10
ENSMUSG00000037962,ENSG00000178882,RFLNA
ENSMUSG00000037979,ENSG00000119242,CCDC92
ENSMUSG00000037994,ENSG00000164038,SLC9B2
ENSMUSG00000038011,ENSG00000197653,DNAH10
ENSMUSG00000038023,ENSG00000185344,ATP6V0A2
ENSMUSG00000038060,ENSG00000008226,DLEC1
ENSMUSG00000038084,ENSG00000198836,OPA1
ENSMUSG00000038094,ENSG00000127249,ATP13A4
ENSMUSG00000038095,ENSG00000139697,SBNO1
ENSMUSG00000038126,ENSG00000051825,MPHOSPH9
ENSMUSG00000038127,ENSG00000152492,CCDC50
ENSMUSG00000038145,ENSG00000163788,SNRK
ENSMUSG00000038151,ENSG00000057657,PRDM1
ENSMUSG00000038160,ENSG00000057663,ATG5
ENSMUSG00000038214,ENSG00000178409,BEND3
ENSMUSG00000038233,ENSG00000144649,GASK1A
ENSMUSG00000038240,ENSG00000164494,PDSS2
ENSMUSG00000038248,ENSG00000112320,SOBP
ENSMUSG00000038280,ENSG00000081087,OSTM1
ENSMUSG00000038302,ENSG00000135537,AFG1L
ENSMUSG00000038332,ENSG00000080546,SESN1
ENSMUSG00000038412,ENSG00000181061,HIGD1A
ENSMUSG00000038417,ENSG00000112367,FIG4
ENSMUSG00000038446,ENSG00000168438,CDC40
ENSMUSG00000038481,ENSG00000155111,CDK19
ENSMUSG00000038491,"",""
ENSMUSG00000038510,ENSG00000197498,RPF2
ENSMUSG00000038522,ENSG00000173214,MFSD4B
ENSMUSG00000038528,ENSG00000173214,MFSD4B
ENSMUSG00000038583,ENSG00000198523,PLN
ENSMUSG00000038594,ENSG00000111860,CEP85L
ENSMUSG00000038602,ENSG00000196376,SLC35F1
ENSMUSG00000038624,"",""
ENSMUSG00000038697,ENSG00000135801,TAF5L
ENSMUSG00000038708,ENSG00000144674,GOLGA4
ENSMUSG00000038774,ENSG00000112249,ASCC3
ENSMUSG00000038775,ENSG00000136059,VILL
ENSMUSG00000038822,ENSG00000085382,HACE1
ENSMUSG00000038866,ENSG00000141664,ZCCHC2
ENSMUSG00000038876,ENSG00000118518,RNF146
ENSMUSG00000038916,ENSG00000214338,MTCL3
ENSMUSG00000039031,ENSG00000146376,ARHGAP18
ENSMUSG00000039079,"",""
ENSMUSG00000039089,ENSG00000198945,L3MBTL3
ENSMUSG00000039095,ENSG00000164778,EN2
ENSMUSG00000039115,ENSG00000144668,ITGA9
ENSMUSG00000039166,ENSG00000118507,AKAP7
ENSMUSG00000039339,"",""
ENSMUSG00000039456,ENSG00000159256,MORC3
ENSMUSG00000039462,"",""
ENSMUSG00000039480,ENSG00000178425,NT5DC1
ENSMUSG00000039485,ENSG00000187189,TSPYL4
ENSMUSG00000039497,ENSG00000111817,DSE
ENSMUSG00000039508,ENSG00000164451,CALHM4
ENSMUSG00000039509,ENSG00000069248,NUP133
ENSMUSG00000039531,ENSG00000153975,ZUP1
ENSMUSG00000039552,ENSG00000111834,RSPH4A
ENSMUSG00000039639,ENSG00000180509,KCNE1
ENSMUSG00000039672,ENSG00000159197,KCNE2
ENSMUSG00000039680,ENSG00000243927,MRPS6
ENSMUSG00000039697,ENSG00000111912,NCOA7
ENSMUSG00000039763,ENSG00000177692,DNAJC28
ENSMUSG00000039913,ENSG00000101349,PAK5
ENSMUSG00000039943,ENSG00000101333,PLCB4
ENSMUSG00000039959,ENSG00000127946,HIP1
ENSMUSG00000039960,ENSG00000116574,RHOU
ENSMUSG00000039983,ENSG00000128891,CCDC32
ENSMUSG00000040007,ENSG00000140320,BAHD1
ENSMUSG00000040010,ENSG00000103257,SLC7A5
ENSMUSG00000040013,ENSG00000077800,FKBP6
ENSMUSG00000040035,ENSG00000140323,DISP2
ENSMUSG00000040061,ENSG00000137841,PLCB2
ENSMUSG00000040084,ENSG00000156970,BUB1B
ENSMUSG00000040093,ENSG00000104081,BMF
ENSMUSG00000040133,ENSG00000166073,GPR176
ENSMUSG00000040151,ENSG00000153936,HS2ST1
ENSMUSG00000040152,ENSG00000137801,THBS1
ENSMUSG00000040213,ENSG00000137944,KYAT3
ENSMUSG00000040220,ENSG00000141013,GAS8
ENSMUSG00000040253,ENSG00000162654,GBP4
ENSMUSG00000040263,ENSG00000104731,KLHDC4
ENSMUSG00000040264,ENSG00000162645,GBP2
ENSMUSG00000040282,ENSG00000186073,CDIN1
ENSMUSG00000040283,ENSG00000165810,BTNL9
ENSMUSG00000040321,ENSG00000198146,ZNF770
ENSMUSG00000040328,ENSG00000185372,OR2V1
ENSMUSG00000040350,ENSG00000146054,TRIM7
ENSMUSG00000040365,ENSG00000146063,TRIM41
ENSMUSG00000040383,ENSG00000021776,AQR
ENSMUSG00000040405,ENSG00000113249,HAVCR1
ENSMUSG00000040413,ENSG00000113249,HAVCR1
ENSMUSG00000040489,ENSG00000039600,SOX30
ENSMUSG00000040522,ENSG00000101916,TLR8
ENSMUSG00000040532,ENSG00000106077,ABHD11
ENSMUSG00000040557,ENSG00000165171,METTL27
ENSMUSG00000040576,ENSG00000175877,TMEM270
ENSMUSG00000040586,ENSG00000046651,OFD1
ENSMUSG00000040605,ENSG00000182240,BACE2
ENSMUSG00000040621,ENSG00000046647,GEMIN8
ENSMUSG00000040648,ENSG00000145725,PPIP5K2
ENSMUSG00000040666,ENSG00000185437,SH3BGR
ENSMUSG00000040681,ENSG00000205581,HMGN1
ENSMUSG00000040693,ENSG00000173930,SLCO4C1
ENSMUSG00000040710,ENSG00000113532,ST8SIA4
ENSMUSG00000040731,ENSG00000106682,EIF4H
ENSMUSG00000040732,ENSG00000157554,ERG
ENSMUSG00000040749,ENSG00000196470,SIAH1
ENSMUSG00000040751,ENSG00000086730,LAT2
ENSMUSG00000040785,ENSG00000182670,TTC3
ENSMUSG00000040820,ENSG00000159267,HLCS
ENSMUSG00000040936,ENSG00000168038,ULK4
ENSMUSG00000040943,ENSG00000168769,TET2
ENSMUSG00000040969,ENSG00000236699,ARHGEF38
ENSMUSG00000040998,ENSG00000168743,NPNT
ENSMUSG00000041084,ENSG00000198856,OSTC
ENSMUSG00000041219,ENSG00000198826,ARHGAP11A
ENSMUSG00000041220,ENSG00000170522,ELOVL6
ENSMUSG00000041231,ENSG00000164332,UBLCP1
ENSMUSG00000041255,"",""
ENSMUSG00000041278,ENSG00000113312,TTC1
ENSMUSG00000041358,ENSG00000184507,NUTM1
ENSMUSG00000041417,ENSG00000145675,PIK3R1
ENSMUSG00000041515,ENSG00000140968,IRF8
ENSMUSG00000041608,ENSG00000168032,ENTPD3
ENSMUSG00000041644,ENSG00000148942,SLC5A12
ENSMUSG00000041660,ENSG00000129151,BBOX1
ENSMUSG00000041794,ENSG00000170011,MYRIP
ENSMUSG00000042032,ENSG00000038274,MAT2B
ENSMUSG00000042042,ENSG00000169826,CSGALNACT2
ENSMUSG00000042079,ENSG00000169813,HNRNPF
ENSMUSG00000042097,ENSG00000196793,ZNF239
ENSMUSG00000042129,ENSG00000107551,RASSF4
ENSMUSG00000042189,ENSG00000125409,TEKT3
ENSMUSG00000042200,ENSG00000239704,CDRT4
ENSMUSG00000042213,ENSG00000172671,ZFAND4
ENSMUSG00000042258,ENSG00000016082,ISL1
ENSMUSG00000042262,ENSG00000179934,CCR8
ENSMUSG00000042269,ENSG00000153789,CIBAR2
ENSMUSG00000042279,ENSG00000178804,H1-8
ENSMUSG00000042298,ENSG00000011295,TTC19
ENSMUSG00000042331,ENSG00000128487,SPECC1
ENSMUSG00000042348,ENSG00000185305,ARL15
ENSMUSG00000042364,ENSG00000178996,SNX18
ENSMUSG00000042371,ENSG00000154025,SLC5A10
ENSMUSG00000042377,ENSG00000188522,FAM83G
ENSMUSG00000042379,ENSG00000164283,ESM1
ENSMUSG00000042385,ENSG00000113088,GZMK
ENSMUSG00000042389,ENSG00000154743,TSEN2
ENSMUSG00000042417,ENSG00000152669,CCNO
ENSMUSG00000042426,ENSG00000067248,DHX29
ENSMUSG00000042436,ENSG00000166482,MFAP4
ENSMUSG00000042506,ENSG00000124422,USP22
ENSMUSG00000042529,ENSG00000260458,KCNJ18
ENSMUSG00000042549,"",""
ENSMUSG00000042569,ENSG00000109016,DHRS7B
ENSMUSG00000042590,ENSG00000086200,IPO11
ENSMUSG00000042604,ENSG00000182255,KCNA4
ENSMUSG00000042650,ENSG00000091542,ALKBH5
ENSMUSG00000042655,ENSG00000145642,SHISAL2B
ENSMUSG00000042678,ENSG00000091536,MYO15A
ENSMUSG00000042709,ENSG00000171953,ATPAF2
ENSMUSG00000042743,ENSG00000197860,SGTB
ENSMUSG00000042787,ENSG00000157036,EXOG
ENSMUSG00000042812,ENSG00000103241,FOXF1
ENSMUSG00000042849,ENSG00000182083,OR6B2
ENSMUSG00000042851,ENSG00000188177,ZC3H6
ENSMUSG00000042873,ENSG00000156959,LHFPL4
ENSMUSG00000043020,ENSG00000162643,DNAI3
ENSMUSG00000043051,ENSG00000162946,DISC1
ENSMUSG00000043068,ENSG00000182118,FAM89A
ENSMUSG00000043088,ENSG00000163701,IL17RE
ENSMUSG00000043110,ENSG00000125872,LRRN4
ENSMUSG00000043284,ENSG00000178307,TMEM11
ENSMUSG00000043301,ENSG00000157542,KCNJ6
ENSMUSG00000043314,"",""
ENSMUSG00000043448,ENSG00000198835,GJC2
ENSMUSG00000043614,ENSG00000176428,VPS37D
ENSMUSG00000043648,ENSG00000179598,PLD6
ENSMUSG00000043880,ENSG00000197591,OR11L1
ENSMUSG00000043903,ENSG00000225614,ZNF469
ENSMUSG00000043909,ENSG00000067369,TP53BP1
ENSMUSG00000044017,ENSG00000111452,ADGRD1
ENSMUSG00000044039,"",""
ENSMUSG00000044042,ENSG00000248905,FMN1
ENSMUSG00000044055,ENSG00000178602,OTOS
ENSMUSG00000044061,"",""
ENSMUSG00000044086,ENSG00000163380,LMOD3
ENSMUSG00000044170,"",""
ENSMUSG00000044248,ENSG00000197617,VN1R5
ENSMUSG00000044296,ENSG00000234284,ZNF879
ENSMUSG00000044337,ENSG00000144476,ACKR3
ENSMUSG00000044340,ENSG00000081913,PHLPP1
ENSMUSG00000044352,ENSG00000198944,SOWAHA
ENSMUSG00000044365,ENSG00000168772,CXXC4
ENSMUSG00000044499,ENSG00000249853,HS3ST5
ENSMUSG00000044534,ENSG00000144648,ACKR2
ENSMUSG00000044542,ENSG00000175325,PROP1
ENSMUSG00000044560,"",""
ENSMUSG00000044583,ENSG00000196664,TLR7
ENSMUSG00000044594,ENSG00000206073,SERPINB4
ENSMUSG00000044707,ENSG00000135083,CCNJL
ENSMUSG00000044751,"",""
ENSMUSG00000044768,ENSG00000181751,MACIR
ENSMUSG00000044770,ENSG00000146285,SCML4
ENSMUSG00000044783,ENSG00000123485,HJURP
ENSMUSG00000044807,ENSG00000177932,ZNF354C
ENSMUSG00000044847,ENSG00000155858,LSM11
ENSMUSG00000044894,ENSG00000164405,UQCRQ
ENSMUSG00000044950,ENSG00000170234,PWWP2A
ENSMUSG00000044991,ENSG00000171984,SHLD1
ENSMUSG00000045009,ENSG00000163704,PRRT3
ENSMUSG00000045091,ENSG00000184945,AQP12A
ENSMUSG00000045095,ENSG00000151276,MAGI1
ENSMUSG00000045100,ENSG00000144741,SLC25A26
ENSMUSG00000045111,"",""
ENSMUSG00000045246,ENSG00000168418,KCNG4
ENSMUSG00000045275,ENSG00000157578,LCA5L
ENSMUSG00000045328,ENSG00000138778,CENPE
ENSMUSG00000045421,"",""
ENSMUSG00000045463,"",""
ENSMUSG00000045555,ENSG00000053328,METTL24
ENSMUSG00000045625,"",""
ENSMUSG00000045658,ENSG00000153823,PID1
ENSMUSG00000045680,ENSG00000118526,TCF21
ENSMUSG00000045838,ENSG00000188549,CCDC9B
ENSMUSG00000045886,ENSG00000217930,PAM16
ENSMUSG00000045942,ENSG00000285891,MSANTD5
ENSMUSG00000045975,ENSG00000157617,C2CD2
ENSMUSG00000046006,ENSG00000175857,GAPT
ENSMUSG00000046031,ENSG00000188820,CALHM6
ENSMUSG00000046108,ENSG00000124391,IL17C
ENSMUSG00000046110,ENSG00000184716,SERINC4
ENSMUSG00000046169,ENSG00000049192,ADAMTS6
ENSMUSG00000046300,"",""
ENSMUSG00000046311,ENSG00000196670,ZFP62
ENSMUSG00000046338,ENSG00000186281,GPAT2
ENSMUSG00000046345,ENSG00000214097,SMCO1
ENSMUSG00000046417,ENSG00000181350,LRRC75A
ENSMUSG00000046491,ENSG00000145861,C1QTNF2
ENSMUSG00000046500,ENSG00000163377,TAFA4
ENSMUSG00000046546,ENSG00000185112,FAM43A
ENSMUSG00000046598,ENSG00000161267,BDH1
ENSMUSG00000046603,ENSG00000179152,TCAIM
ENSMUSG00000046688,ENSG00000145365,TIFA
ENSMUSG00000046714,ENSG00000176692,FOXC2
ENSMUSG00000046804,"",""
ENSMUSG00000046814,ENSG00000137880,GCHFR
ENSMUSG00000046818,ENSG00000145358,DDIT4L
ENSMUSG00000046844,ENSG00000171724,VAT1L
ENSMUSG00000046879,ENSG00000237693,IRGM
ENSMUSG00000046922,ENSG00000146360,GPR6
ENSMUSG00000046961,ENSG00000175697,GPR156
ENSMUSG00000046962,ENSG00000173276,ZBTB21
ENSMUSG00000046971,ENSG00000168907,PLA2G4F
ENSMUSG00000046974,ENSG00000113249,HAVCR1
ENSMUSG00000047036,ENSG00000185219,ZNF445
ENSMUSG00000047067,ENSG00000188542,DUSP28
ENSMUSG00000047109,ENSG00000159261,CLDN14
ENSMUSG00000047139,ENSG00000272398,CD24
ENSMUSG00000047203,ENSG00000197617,VN1R5
ENSMUSG00000047295,"",""
ENSMUSG00000047342,ENSG00000187607,ZNF286A
ENSMUSG00000047388,ENSG00000166454,ATMIN
ENSMUSG00000047409,ENSG00000144677,CTDSPL
ENSMUSG00000047434,ENSG00000173950,XXYLT1
ENSMUSG00000047443,ENSG00000178752,ERFE
ENSMUSG00000047496,ENSG00000176641,RNF152
ENSMUSG00000047501,"",""
ENSMUSG00000047511,ENSG00000182613,OR2V2
ENSMUSG00000047514,ENSG00000189241,TSPYL1
ENSMUSG00000047635,ENSG00000130921,MTRFR
ENSMUSG00000047674,ENSG00000163114,PDHA2
ENSMUSG00000047676,"",""
ENSMUSG00000047702,ENSG00000174339,OR2Y1
ENSMUSG00000047714,ENSG00000184203,PPP1R2
ENSMUSG00000047746,ENSG00000163833,FBXO40
ENSMUSG00000047757,ENSG00000181544,FANCB
ENSMUSG00000047789,ENSG00000177058,SLC38A9
ENSMUSG00000047793,ENSG00000162804,SNED1
ENSMUSG00000047804,ENSG00000108599,AKAP10
ENSMUSG00000047821,ENSG00000221926,TRIM16
ENSMUSG00000047940,ENSG00000163116,STPG2
ENSMUSG00000047953,ENSG00000178732,GP5
ENSMUSG00000048000,ENSG00000204120,GIGYF2
ENSMUSG00000048076,ENSG00000143761,ARF1
ENSMUSG00000048108,ENSG00000187783,TMEM72
ENSMUSG00000048126,ENSG00000163359,COL6A3
ENSMUSG00000048222,ENSG00000140259,MFAP1
ENSMUSG00000048327,ENSG00000169607,CKAP2L
ENSMUSG00000048378,"",""
ENSMUSG00000048402,ENSG00000074047,GLI2
ENSMUSG00000048478,"",""
ENSMUSG00000048482,ENSG00000176697,BDNF
ENSMUSG00000048489,ENSG00000165507,DEPP1
ENSMUSG00000048497,"",""
ENSMUSG00000048647,ENSG00000178997,EXD1
ENSMUSG00000048652,ENSG00000203943,SAMD13
ENSMUSG00000048721,ENSG00000172568,FNDC9
ENSMUSG00000048728,ENSG00000178187,ZNF454
ENSMUSG00000048756,ENSG00000118689,FOXO3
ENSMUSG00000048775,ENSG00000197641,SERPINB13
ENSMUSG00000048794,ENSG00000163885,CFAP100
ENSMUSG00000048911,ENSG00000101236,RNF24
ENSMUSG00000048919,"",""
ENSMUSG00000048930,ENSG00000171148,TADA3
ENSMUSG00000048939,ENSG00000187527,ATP13A5
ENSMUSG00000049076,ENSG00000114331,ACAP2
ENSMUSG00000049109,ENSG00000172673,THEMIS
ENSMUSG00000049112,ENSG00000180914,OXTR
ENSMUSG00000049154,ENSG00000164556,CFAP144P1
ENSMUSG00000049176,ENSG00000169933,FRMPD4
ENSMUSG00000049233,"",""
ENSMUSG00000049287,ENSG00000181873,IBA57
ENSMUSG00000049291,ENSG00000185888,PRSS38
ENSMUSG00000049321,ENSG00000198939,ZFP2
ENSMUSG00000049323,ENSG00000176994,SMCR8
ENSMUSG00000049327,ENSG00000183955,KMT5A
ENSMUSG00000049336,ENSG00000145934,TENM2
ENSMUSG00000049420,ENSG00000164484,TMEM200A
ENSMUSG00000049470,ENSG00000072364,AFF4
ENSMUSG00000049482,ENSG00000174177,CTU2
ENSMUSG00000049491,ENSG00000186334,SLC36A3
ENSMUSG00000049502,ENSG00000163840,DTX3L
ENSMUSG00000049515,ENSG00000144488,ESPNL
ENSMUSG00000049551,ENSG00000188763,FZD9
ENSMUSG00000049576,"",""
ENSMUSG00000049577,ENSG00000179588,ZFPM1
ENSMUSG00000049588,ENSG00000198624,CCDC69
ENSMUSG00000049608,ENSG00000135898,GPR55
ENSMUSG00000049641,ENSG00000170162,VGLL2
ENSMUSG00000049690,ENSG00000176771,NCKAP5
ENSMUSG00000049692,ENSG00000198326,TMEM239
ENSMUSG00000049694,ENSG00000180697,C3orf22
ENSMUSG00000049755,ENSG00000171161,ZNF672
ENSMUSG00000049758,"",""
ENSMUSG00000049775,ENSG00000154620,TMSB4Y
ENSMUSG00000049866,ENSG00000188042,ARL4C
ENSMUSG00000049872,ENSG00000178033,CALHM5
ENSMUSG00000049892,ENSG00000108551,RASD1
ENSMUSG00000049971,ENSG00000151948,GLT1D1
ENSMUSG00000049985,ENSG00000164512,ANKRD55
ENSMUSG00000050087,ENSG00000204659,CBY3
ENSMUSG00000050150,ENSG00000164037,SLC9B1
ENSMUSG00000050199,ENSG00000205213,LGR4
ENSMUSG00000050211,ENSG00000188089,PLA2G4E
ENSMUSG00000050272,ENSG00000171587,DSCAM
ENSMUSG00000050343,"",""
ENSMUSG00000050377,ENSG00000164509,IL31RA
ENSMUSG00000050445,ENSG00000180432,CYP8B1
ENSMUSG00000050468,ENSG00000188886,ASTL
ENSMUSG00000050534,"",""
ENSMUSG00000050541,ENSG00000170214,ADRA1B
ENSMUSG00000050549,ENSG00000174749,FAM241A
ENSMUSG00000050558,ENSG00000101292,PROKR2
ENSMUSG00000050567,ENSG00000161021,MAML1
ENSMUSG00000050619,ENSG00000140265,ZSCAN29
ENSMUSG00000050654,"",""
ENSMUSG00000050751,ENSG00000177614,PGBD5
ENSMUSG00000050763,"",""
ENSMUSG00000050776,"",""
ENSMUSG00000050777,ENSG00000171227,TMEM37
ENSMUSG00000050808,ENSG00000169550,MUC15
ENSMUSG00000050813,"",""
ENSMUSG00000050818,ENSG00000203661,OR2T5
ENSMUSG00000050840,ENSG00000101542,CDH20
ENSMUSG00000050930,ENSG00000212916,MAP10
ENSMUSG00000050931,ENSG00000164023,SGMS2
ENSMUSG00000051034,ENSG00000251247,ZNF345
ENSMUSG00000051046,"",""
ENSMUSG00000051065,ENSG00000180611,MB21D2
ENSMUSG00000051169,ENSG00000156990,RPUSD3
ENSMUSG00000051177,ENSG00000182621,PLCB1
ENSMUSG00000051185,ENSG00000174132,FAM174A
ENSMUSG00000051224,ENSG00000176896,TCEANC
ENSMUSG00000051256,ENSG00000171135,JAGN1
ENSMUSG00000051278,"",""
ENSMUSG00000051319,ENSG00000175701,MTLN
ENSMUSG00000051331,ENSG00000151067,CACNA1C
ENSMUSG00000051354,ENSG00000164483,SAMD3
ENSMUSG00000051456,ENSG00000169271,HSPB3
ENSMUSG00000051483,ENSG00000159228,CBR1
ENSMUSG00000051495,ENSG00000168264,IRF2BP2
ENSMUSG00000051590,ENSG00000176601,MAP3K19
ENSMUSG00000051671,ENSG00000168275,COA6
ENSMUSG00000051728,ENSG00000222018,C21orf140
ENSMUSG00000051736,ENSG00000203778,FAM229B
ENSMUSG00000051980,ENSG00000036828,CASR
ENSMUSG00000051989,ENSG00000205670,SMIM11
ENSMUSG00000052133,ENSG00000082684,SEMA5B
ENSMUSG00000052144,"",""
ENSMUSG00000052298,ENSG00000158985,CDC42SE2
ENSMUSG00000052316,ENSG00000172061,LRRC15
ENSMUSG00000052336,ENSG00000168329,CX3CR1
ENSMUSG00000052363,ENSG00000163958,ZDHHC19
ENSMUSG00000052384,ENSG00000174004,NRROS
ENSMUSG00000052430,ENSG00000138696,BMPR1B
ENSMUSG00000052477,"",""
ENSMUSG00000052557,ENSG00000261609,GAN
ENSMUSG00000052560,ENSG00000139117,CPNE8
ENSMUSG00000052642,"",""
ENSMUSG00000052934,ENSG00000103264,FBXO31
ENSMUSG00000053054,"",""
ENSMUSG00000053094,ENSG00000106609,TMEM248
ENSMUSG00000053251,"",""
ENSMUSG00000053293,ENSG00000272391,POM121C
ENSMUSG00000053333,ENSG00000144535,DIS3L2
ENSMUSG00000053388,ENSG00000146755,TRIM50
ENSMUSG00000053391,ENSG00000256574,OR13A1
ENSMUSG00000053399,ENSG00000140873,ADAMTS18
ENSMUSG00000053552,ENSG00000088881,EBF4
ENSMUSG00000053675,ENSG00000104055,TGM5
ENSMUSG00000053774,ENSG00000163960,UBXN7
ENSMUSG00000053897,ENSG00000138821,SLC39A8
ENSMUSG00000054484,ENSG00000137842,TMEM62
ENSMUSG00000054519,ENSG00000257446,ZNF878
ENSMUSG00000054545,ENSG00000167165,UGT1A6
ENSMUSG00000054690,ENSG00000164035,EMCN
ENSMUSG00000054905,ENSG00000121552,CSTA
ENSMUSG00000054909,"",""
ENSMUSG00000055013,ENSG00000157985,AGAP1
ENSMUSG00000055022,ENSG00000018236,CNTN1
ENSMUSG00000055194,ENSG00000169067,ACTBL2
ENSMUSG00000055301,ENSG00000196344,ADH7
ENSMUSG00000055333,ENSG00000086570,FAT2
ENSMUSG00000055357,ENSG00000116489,CAPZA1
ENSMUSG00000055415,ENSG00000118322,ATP10B
ENSMUSG00000055435,ENSG00000178573,MAF
ENSMUSG00000055546,ENSG00000145850,TIMD4
ENSMUSG00000055782,ENSG00000173208,ABCD2
ENSMUSG00000055866,ENSG00000132326,PER2
ENSMUSG00000055943,ENSG00000134153,EMC7
ENSMUSG00000056018,"",""
ENSMUSG00000056025,"",""
ENSMUSG00000056055,ENSG00000130561,SAG
ENSMUSG00000056073,ENSG00000164418,GRIK2
ENSMUSG00000056211,ENSG00000048991,R3HDM1
ENSMUSG00000056219,"",""
ENSMUSG00000056310,ENSG00000277149,TYW1B
ENSMUSG00000056379,ENSG00000146399,TAAR1
ENSMUSG00000056536,ENSG00000197563,PIGN
ENSMUSG00000056564,"",""
ENSMUSG00000056598,ENSG00000171962,DRC3
ENSMUSG00000056643,ENSG00000180767,CHST13
ENSMUSG00000056755,ENSG00000196277,GRM7
ENSMUSG00000056820,ENSG00000116918,TSNAX
ENSMUSG00000056895,"",""
ENSMUSG00000056952,ENSG00000157014,TATDN2
ENSMUSG00000056959,"",""
ENSMUSG00000057060,ENSG00000183780,SLC35F3
ENSMUSG00000057098,ENSG00000164330,EBF1
ENSMUSG00000057147,ENSG00000134146,DPH6
ENSMUSG00000057149,"",""
ENSMUSG00000057234,ENSG00000169519,METTL15
ENSMUSG00000057329,ENSG00000171791,BCL2
ENSMUSG00000057378,ENSG00000198838,RYR3
ENSMUSG00000057464,ENSG00000182083,OR6B2
ENSMUSG00000057592,ENSG00000197617,VN1R5
ENSMUSG00000057604,ENSG00000071282,LMCD1
ENSMUSG00000057654,ENSG00000203661,OR2T5
ENSMUSG00000057697,ENSG00000197617,VN1R5
ENSMUSG00000057841,ENSG00000144713,RPL32
ENSMUSG00000057890,"",""
ENSMUSG00000057895,ENSG00000169981,ZNF35
ENSMUSG00000058017,ENSG00000206073,SERPINB4
ENSMUSG00000058240,ENSG00000205758,CRYZL1
ENSMUSG00000058298,ENSG00000111877,MCM9
ENSMUSG00000058603,"",""
ENSMUSG00000058620,ENSG00000274286,ADRA2B
ENSMUSG00000058665,ENSG00000163064,EN1
ENSMUSG00000058700,"",""
ENSMUSG00000058793,ENSG00000101290,CDS2
ENSMUSG00000058807,ENSG00000203661,OR2T5
ENSMUSG00000058809,"",""
ENSMUSG00000058897,ENSG00000188517,COL25A1
ENSMUSG00000058904,"",""
ENSMUSG00000058952,ENSG00000205403,CFI
ENSMUSG00000059187,ENSG00000183662,TAFA1
ENSMUSG00000059279,ENSG00000203661,OR2T5
ENSMUSG00000059397,"",""
ENSMUSG00000059504,ENSG00000177212,OR2T33
ENSMUSG00000059610,ENSG00000177535,OR2B11
ENSMUSG00000059657,ENSG00000121552,CSTA
ENSMUSG00000059689,ENSG00000169740,ZNF32
ENSMUSG00000059729,"",""
ENSMUSG00000059751,"",""
ENSMUSG00000059763,ENSG00000146378,TAAR2
ENSMUSG00000059864,"",""
ENSMUSG00000059877,"",""
ENSMUSG00000059878,ENSG00000165512,ZNF22
ENSMUSG00000059900,ENSG00000088726,TMEM40
ENSMUSG00000059921,ENSG00000182168,UNC5C
ENSMUSG00000059956,ENSG00000166634,SERPINB12
ENSMUSG00000060030,ENSG00000238243,OR2W3
ENSMUSG00000060131,ENSG00000104043,ATP8B4
ENSMUSG00000060170,"",""
ENSMUSG00000060212,ENSG00000135749,PCNX2
ENSMUSG00000060227,ENSG00000166734,GOLM2
ENSMUSG00000060261,ENSG00000263001,GTF2I
ENSMUSG00000060332,ENSG00000149488,TMC2
ENSMUSG00000060371,ENSG00000183166,CALN1
ENSMUSG00000060419,"",""
ENSMUSG00000060477,ENSG00000134070,IRAK2
ENSMUSG00000060636,ENSG00000182899,RPL35A
ENSMUSG00000060724,ENSG00000197617,VN1R5
ENSMUSG00000060765,ENSG00000203661,OR2T5
ENSMUSG00000060802,ENSG00000166710,B2M
ENSMUSG00000060808,"",""
ENSMUSG00000060816,ENSG00000197617,VN1R5
ENSMUSG00000060918,"",""
ENSMUSG00000061118,ENSG00000176410,DNAJC30
ENSMUSG00000061195,ENSG00000177693,OR4F4
ENSMUSG00000061353,ENSG00000107562,CXCL12
ENSMUSG00000061393,ENSG00000114739,ACVR2B
ENSMUSG00000061410,ENSG00000140948,ZCCHC14
ENSMUSG00000061462,ENSG00000154358,OBSCN
ENSMUSG00000061469,ENSG00000285891,MSANTD5
ENSMUSG00000061536,ENSG00000093183,SEC22C
ENSMUSG00000061616,"",""
ENSMUSG00000061650,ENSG00000141026,MED9
ENSMUSG00000061653,ENSG00000197617,VN1R5
ENSMUSG00000061669,"",""
ENSMUSG00000061751,ENSG00000160145,KALRN
ENSMUSG00000061778,ENSG00000130150,MOSPD2
ENSMUSG00000061838,ENSG00000172340,SUCLG2
ENSMUSG00000061843,"",""
ENSMUSG00000061952,"",""
ENSMUSG00000061979,ENSG00000274523,RCC1L
ENSMUSG00000061983,"",""
ENSMUSG00000062006,ENSG00000109475,RPL34
ENSMUSG00000062074,ENSG00000112761,CCN6
ENSMUSG00000062115,ENSG00000108557,RAI1
ENSMUSG00000062204,"",""
ENSMUSG00000062310,"",""
ENSMUSG00000062345,ENSG00000197632,SERPINB2
ENSMUSG00000062380,ENSG00000258947,TUBB3
ENSMUSG00000062497,"",""
ENSMUSG00000062546,ENSG00000197617,VN1R5
ENSMUSG00000062590,ENSG00000135931,ARMC9
ENSMUSG00000062609,ENSG00000157551,KCNJ15
ENSMUSG00000062646,ENSG00000214013,GANC
ENSMUSG00000062694,ENSG00000182533,CAV3
ENSMUSG00000062713,ENSG00000159263,SIM2
ENSMUSG00000062818,ENSG00000197617,VN1R5
ENSMUSG00000063146,ENSG00000106665,CLIP2
ENSMUSG00000063260,ENSG00000110975,SYT10
ENSMUSG00000063386,ENSG00000174339,OR2Y1
ENSMUSG00000063428,ENSG00000203797,DDO
ENSMUSG00000063488,ENSG00000196345,ZKSCAN7
ENSMUSG00000063549,ENSG00000238243,OR2W3
ENSMUSG00000063564,ENSG00000050767,COL23A1
ENSMUSG00000063583,"",""
ENSMUSG00000063652,ENSG00000197375,SLC22A5
ENSMUSG00000063684,"",""
ENSMUSG00000063751,"",""
ENSMUSG00000063760,ENSG00000146373,RNF217
ENSMUSG00000063804,ENSG00000187772,LIN28B
ENSMUSG00000063827,"",""
ENSMUSG00000063844,"",""
ENSMUSG00000063953,ENSG00000123505,AMD1
ENSMUSG00000064010,"",""
ENSMUSG00000064044,ENSG00000187080,OR2AK2
ENSMUSG00000064057,ENSG00000161055,SCGB3A1
ENSMUSG00000064080,ENSG00000163520,FBLN2
ENSMUSG00000064177,ENSG00000157017,GHRL
ENSMUSG00000064252,ENSG00000203661,OR2T5
ENSMUSG00000064281,"",""
ENSMUSG00000064293,ENSG00000144619,CNTN4
ENSMUSG00000064302,ENSG00000074054,CLASP1
ENSMUSG00000064437,ENSG00000277108,SNORD49B
ENSMUSG00000064450,ENSG00000200084,SNORD68
ENSMUSG00000064563,ENSG00000207496,SNORA7A
ENSMUSG00000064725,ENSG00000208883,SNORD96B
ENSMUSG00000064780,ENSG00000264549,SNORD95
ENSMUSG00000064823,ENSG00000202400,SNORD82
ENSMUSG00000064837,"",""
ENSMUSG00000064906,"",""
ENSMUSG00000064925,ENSG00000202363,SNORA62
ENSMUSG00000065272,ENSG00000226572,SNORD57
ENSMUSG00000065413,"",""
ENSMUSG00000065414,"",""
ENSMUSG00000065417,ENSG00000198995,MIR340
ENSMUSG00000065447,ENSG00000199145,MIR302D
ENSMUSG00000065470,"",""
ENSMUSG00000065482,ENSG00000199102,MIR302C
ENSMUSG00000065513,ENSG00000199075,MIR26A1
ENSMUSG00000065520,ENSG00000207654,MIR128-1
ENSMUSG00000065552,"",""
ENSMUSG00000065563,ENSG00000199024,MIR103A2
ENSMUSG00000065575,ENSG00000198983,MIR449A
ENSMUSG00000065601,"",""
ENSMUSG00000065734,ENSG00000277370,SNORD49A
ENSMUSG00000065883,"",""
ENSMUSG00000066235,ENSG00000144647,POMGNT2
ENSMUSG00000066735,ENSG00000196715,VKORC1L1
ENSMUSG00000067001,ENSG00000166396,SERPINB7
ENSMUSG00000067006,ENSG00000206075,SERPINB5
ENSMUSG00000067028,"",""
ENSMUSG00000067064,ENSG00000182083,OR6B2
ENSMUSG00000067071,ENSG00000144485,HES6
ENSMUSG00000067081,ENSG00000182177,ASB18
ENSMUSG00000067147,"",""
ENSMUSG00000067869,"",""
ENSMUSG00000067870,"",""
ENSMUSG00000068011,ENSG00000225526,MKRN2OS
ENSMUSG00000068180,"",""
ENSMUSG00000068184,ENSG00000164182,NDUFAF2
ENSMUSG00000068231,ENSG00000197617,VN1R5
ENSMUSG00000068232,ENSG00000197617,VN1R5
ENSMUSG00000068234,ENSG00000197617,VN1R5
ENSMUSG00000068264,ENSG00000125843,AP5S1
ENSMUSG00000068267,ENSG00000125817,CENPB
ENSMUSG00000068290,ENSG00000198171,DDRGK1
ENSMUSG00000068394,ENSG00000103995,CEP152
ENSMUSG00000068452,ENSG00000140279,DUOX2
ENSMUSG00000068479,ENSG00000140259,MFAP1
ENSMUSG00000068523,ENSG00000174021,GNG5
ENSMUSG00000068547,ENSG00000016602,CLCA4
ENSMUSG00000068580,ENSG00000166140,ZFYVE19
ENSMUSG00000068614,ENSG00000159251,ACTC1
ENSMUSG00000068615,ENSG00000159248,GJD2
ENSMUSG00000068647,"",""
ENSMUSG00000069662,ENSG00000277443,MARCKS
ENSMUSG00000069668,"",""
ENSMUSG00000069670,ENSG00000188580,NKAIN2
ENSMUSG00000069706,ENSG00000135569,TAAR5
ENSMUSG00000069707,"",""
ENSMUSG00000069708,"",""
ENSMUSG00000069855,"",""
ENSMUSG00000069862,"",""
ENSMUSG00000069867,ENSG00000205022,PABPN1L
ENSMUSG00000069874,ENSG00000237693,IRGM
ENSMUSG00000069892,"",""
ENSMUSG00000069893,"",""
ENSMUSG00000069899,ENSG00000198818,SFT2D1
ENSMUSG00000070031,"",""
ENSMUSG00000070034,ENSG00000135899,SP110
ENSMUSG00000070063,ENSG00000201827,""
ENSMUSG00000070225,"",""
ENSMUSG00000070280,ENSG00000144671,SLC22A14
ENSMUSG00000070438,"",""
ENSMUSG00000070473,ENSG00000165215,CLDN3
ENSMUSG00000070493,ENSG00000106153,CHCHD2
ENSMUSG00000070498,ENSG00000139364,TMEM132B
ENSMUSG00000070692,"",""
ENSMUSG00000070695,"",""
ENSMUSG00000070719,ENSG00000159337,PLA2G4D
ENSMUSG00000070730,ENSG00000137824,RMDN3
ENSMUSG00000070732,ENSG00000177483,RBM44
ENSMUSG00000070738,ENSG00000077044,DGKD
ENSMUSG00000071180,ENSG00000188725,SMIM15
ENSMUSG00000071237,"",""
ENSMUSG00000071317,ENSG00000112276,POPDC1
ENSMUSG00000071324,ENSG00000118690,ARMC2
ENSMUSG00000071335,"",""
ENSMUSG00000071340,ENSG00000173626,TRAPPC3L
ENSMUSG00000071359,ENSG00000028839,TBPL1
ENSMUSG00000071561,ENSG00000121552,CSTA
ENSMUSG00000071562,ENSG00000121552,CSTA
ENSMUSG00000072591,"",""
ENSMUSG00000072623,ENSG00000175395,ZNF25
ENSMUSG00000072872,ENSG00000163602,RYBP
ENSMUSG00000072875,ENSG00000170837,GPR27
ENSMUSG00000072878,ENSG00000093000,NUP50
ENSMUSG00000072980,ENSG00000104147,OIP5
ENSMUSG00000073601,ENSG00000206073,SERPINB4
ENSMUSG00000073602,ENSG00000206073,SERPINB4
ENSMUSG00000073608,ENSG00000154252,GAL3ST2
ENSMUSG00000073609,ENSG00000180902,D2HGDH
ENSMUSG00000073616,"",""
ENSMUSG00000073633,ENSG00000153832,FBXO36
ENSMUSG00000074001,ENSG00000157119,KLHL40
ENSMUSG00000074028,ENSG00000172940,SLC22A13
ENSMUSG00000074030,ENSG00000116903,EXOC8
ENSMUSG00000074037,ENSG00000258839,MC1R
ENSMUSG00000074052,"",""
ENSMUSG00000074063,ENSG00000140961,OSGIN1
ENSMUSG00000074064,ENSG00000103150,MLYCD
ENSMUSG00000074182,ENSG00000117174,ZNHIT6
ENSMUSG00000074195,ENSG00000016602,CLCA4
ENSMUSG00000074206,ENSG00000172955,ADH6
ENSMUSG00000074207,ENSG00000248144,ADH1C
ENSMUSG00000074212,ENSG00000164031,DNAJB14
ENSMUSG00000074238,ENSG00000138660,AP1AR
ENSMUSG00000074651,ENSG00000234602,MCIDAS
ENSMUSG00000074771,ENSG00000132623,ANKEF1
ENSMUSG00000074783,"",""
ENSMUSG00000074793,ENSG00000132622,HSPA12B
ENSMUSG00000074796,ENSG00000088836,SLC4A11
ENSMUSG00000074797,ENSG00000125877,ITPA
ENSMUSG00000074804,"",""
ENSMUSG00000074805,"",""
ENSMUSG00000074812,"",""
ENSMUSG00000074813,"",""
ENSMUSG00000074825,ENSG00000198885,ITPRIPL1
ENSMUSG00000074872,ENSG00000233932,CTXN2
ENSMUSG00000074881,ENSG00000232030,MAGEB6B
ENSMUSG00000074884,"",""
ENSMUSG00000074890,ENSG00000168806,LCMT2
ENSMUSG00000074892,ENSG00000183778,B3GALT5
ENSMUSG00000074899,ENSG00000137877,SPTBN5
ENSMUSG00000074916,ENSG00000169105,CHST14
ENSMUSG00000074918,ENSG00000259330,INAFM2
ENSMUSG00000074923,ENSG00000137843,PAK6
ENSMUSG00000074934,ENSG00000166923,GREM1
ENSMUSG00000074939,ENSG00000184984,CHRM5
ENSMUSG00000074945,"",""
ENSMUSG00000074946,"",""
ENSMUSG00000074947,"",""
ENSMUSG00000074952,"",""
ENSMUSG00000074955,"",""
ENSMUSG00000074965,"",""
ENSMUSG00000074966,"",""
ENSMUSG00000074968,ENSG00000134343,ANO3
ENSMUSG00000074971,ENSG00000176971,FIBIN
ENSMUSG00000075225,"",""
ENSMUSG00000075229,ENSG00000160124,MIX23
ENSMUSG00000075232,ENSG00000123505,AMD1
ENSMUSG00000075254,ENSG00000173706,HEG1
ENSMUSG00000075265,"",""
ENSMUSG00000075266,ENSG00000203760,CENPW
ENSMUSG00000075269,ENSG00000102409,BEX4
ENSMUSG00000075470,ENSG00000139133,ALG10
ENSMUSG00000076064,"",""
ENSMUSG00000076146,"",""
ENSMUSG00000076252,"",""
ENSMUSG00000076309,ENSG00000284386,MIR147B
ENSMUSG00000076376,"",""
ENSMUSG00000076450,"",""
ENSMUSG00000076457,"",""
ENSMUSG00000076946,ENSG00000202601,MIR582
ENSMUSG00000077457,ENSG00000277512,SNORD65
ENSMUSG00000078027,"",""
ENSMUSG00000078137,ENSG00000230778,ANKRD63
ENSMUSG00000078153,ENSG00000100911,PSME2
ENSMUSG00000078154,ENSG00000111328,CDK2AP1
ENSMUSG00000078451,ENSG00000185250,PPIL6
ENSMUSG00000078578,ENSG00000109332,UBE2D3
ENSMUSG00000078851,ENSG00000181218,H2AC25
ENSMUSG00000078853,ENSG00000237693,IRGM
ENSMUSG00000078908,ENSG00000103111,MON1B
ENSMUSG00000078920,"",""
ENSMUSG00000078921,"",""
ENSMUSG00000078922,"",""
ENSMUSG00000078924,ENSG00000113249,HAVCR1
ENSMUSG00000078926,ENSG00000164287,CDC20B
ENSMUSG00000078932,ENSG00000180116,REDIC1
ENSMUSG00000079037,ENSG00000171867,PRNP
ENSMUSG00000079043,ENSG00000215251,FASTKD5
ENSMUSG00000079051,"",""
ENSMUSG00000079056,ENSG00000115041,KCNIP3
ENSMUSG00000079071,ENSG00000137860,SLC28A2
ENSMUSG00000079103,ENSG00000159495,TGM7
ENSMUSG00000079110,ENSG00000092529,CAPN3
ENSMUSG00000079215,ENSG00000179195,ZNF664
ENSMUSG00000079235,ENSG00000244607,CCDC13
ENSMUSG00000079243,ENSG00000168334,XIRP1
ENSMUSG00000079316,ENSG00000123595,RAB9A
ENSMUSG00000079317,ENSG00000196459,TRAPPC2
ENSMUSG00000079426,ENSG00000241553,ARPC4
ENSMUSG00000079429,ENSG00000185038,MROH2A
ENSMUSG00000079434,ENSG00000115488,NEU2
ENSMUSG00000079436,ENSG00000115474,KCNJ13
ENSMUSG00000079440,ENSG00000163295,ALPI
ENSMUSG00000079445,ENSG00000156966,B3GNT7
ENSMUSG00000079455,"",""
ENSMUSG00000079594,ENSG00000121552,CSTA
ENSMUSG00000079597,ENSG00000121552,CSTA
ENSMUSG00000079625,ENSG00000145107,TM4SF19
ENSMUSG00000080152,ENSG00000168148,H3-4
ENSMUSG00000080542,"",""
ENSMUSG00000080610,ENSG00000221116,SNORD110
ENSMUSG00000080712,ENSG00000196890,H2BC26
ENSMUSG00000080738,"",""
ENSMUSG00000080893,"",""
ENSMUSG00000080928,"",""
ENSMUSG00000081219,"",""
ENSMUSG00000081229,"",""
ENSMUSG00000081287,"",""
ENSMUSG00000081378,"",""
ENSMUSG00000081413,"",""
ENSMUSG00000081445,"",""
ENSMUSG00000081649,"",""
ENSMUSG00000081683,ENSG00000111432,FZD10
ENSMUSG00000081842,"",""
ENSMUSG00000081847,"",""
ENSMUSG00000081888,"",""
ENSMUSG00000081984,"",""
ENSMUSG00000082029,"",""
ENSMUSG00000082044,"",""
ENSMUSG00000082431,"",""
ENSMUSG00000082433,"",""
ENSMUSG00000082626,"",""
ENSMUSG00000082749,"",""
ENSMUSG00000082815,ENSG00000159228,CBR1
ENSMUSG00000083059,"",""
ENSMUSG00000083312,"",""
ENSMUSG00000083424,"",""
ENSMUSG00000083542,"",""
ENSMUSG00000083610,"",""
ENSMUSG00000083613,"",""
ENSMUSG00000083825,"",""
ENSMUSG00000084020,"",""
ENSMUSG00000084129,"",""
ENSMUSG00000084182,"",""
ENSMUSG00000084217,"",""
ENSMUSG00000084319,"",""
ENSMUSG00000084373,"",""
ENSMUSG00000084392,"",""
ENSMUSG00000084523,"",""
ENSMUSG00000084564,"",""
ENSMUSG00000084651,"",""
ENSMUSG00000084762,"",""
ENSMUSG00000084980,"",""
ENSMUSG00000084989,ENSG00000226321,CROCC2
ENSMUSG00000084995,"",""
ENSMUSG00000085042,"",""
ENSMUSG00000085170,"",""
ENSMUSG00000085218,"",""
ENSMUSG00000085260,"",""
ENSMUSG00000085413,"",""
ENSMUSG00000085438,"",""
ENSMUSG00000085531,"",""
ENSMUSG00000085633,"",""
ENSMUSG00000085666,"",""
ENSMUSG00000085718,"",""
ENSMUSG00000085762,"",""
ENSMUSG00000085957,ENSG00000244476,ERVFRD-1
ENSMUSG00000086186,"",""
ENSMUSG00000086429,"",""
ENSMUSG00000086475,"",""
ENSMUSG00000086646,"",""
ENSMUSG00000086674,"",""
ENSMUSG00000086677,"",""
ENSMUSG00000086789,"",""
ENSMUSG00000086909,"",""
ENSMUSG00000086962,ENSG00000170271,FAXDC2
ENSMUSG00000087039,"",""
ENSMUSG00000087104,"",""
ENSMUSG00000087377,"",""
ENSMUSG00000087519,"",""
ENSMUSG00000087604,"",""
ENSMUSG00000087694,"",""
ENSMUSG00000088373,"",""
ENSMUSG00000088414,"",""
ENSMUSG00000088606,"",""
ENSMUSG00000088860,"",""
ENSMUSG00000088985,"",""
ENSMUSG00000089260,"",""
ENSMUSG00000089281,"",""
ENSMUSG00000089675,ENSG00000242366,UGT1A8
ENSMUSG00000089704,ENSG00000143641,GALNT2
ENSMUSG00000089774,ENSG00000198743,SLC5A3
ENSMUSG00000089782,"",""
ENSMUSG00000089800,"",""
ENSMUSG00000089821,"",""
ENSMUSG00000089839,"",""
ENSMUSG00000089842,"",""
ENSMUSG00000089844,"",""
ENSMUSG00000089943,ENSG00000244474,UGT1A4
ENSMUSG00000089960,ENSG00000241635,UGT1A1
ENSMUSG00000090100,ENSG00000128881,TTBK2
ENSMUSG00000090124,ENSG00000242366,UGT1A8
ENSMUSG00000090145,ENSG00000167165,UGT1A6
ENSMUSG00000090165,ENSG00000242366,UGT1A8
ENSMUSG00000090171,ENSG00000244474,UGT1A4
ENSMUSG00000090173,ENSG00000241322,FBXW10B
ENSMUSG00000090175,ENSG00000242366,UGT1A8
ENSMUSG00000090220,"",""
ENSMUSG00000090223,ENSG00000183036,PCP4
ENSMUSG00000090290,ENSG00000059588,TARBP1
ENSMUSG00000090298,"",""
ENSMUSG00000090306,"",""
ENSMUSG00000090549,"",""
ENSMUSG00000090550,ENSG00000071677,PRLH
ENSMUSG00000090667,ENSG00000242120,MDFIC2
ENSMUSG00000091337,ENSG00000255302,EID1
ENSMUSG00000091358,"",""
ENSMUSG00000091415,ENSG00000155085,AK9
ENSMUSG00000091512,ENSG00000109270,LAMTOR3
ENSMUSG00000091721,ENSG00000250298,GIMD1
ENSMUSG00000091845,"",""
ENSMUSG00000092201,"",""
ENSMUSG00000092212,ENSG00000172940,SLC22A13
ENSMUSG00000092228,"",""
ENSMUSG00000092303,"",""
ENSMUSG00000092397,"",""
ENSMUSG00000092450,"",""
ENSMUSG00000092572,ENSG00000242550,SERPINB10
ENSMUSG00000092734,"",""
ENSMUSG00000092870,"",""
ENSMUSG00000093254,"",""
ENSMUSG00000093298,"",""
ENSMUSG00000093311,"",""
ENSMUSG00000093338,"",""
ENSMUSG00000093413,ENSG00000206785,SNORA15B-2
ENSMUSG00000093661,ENSG00000163412,EIF4E3
ENSMUSG00000093804,ENSG00000284662,OR4F16
ENSMUSG00000093805,ENSG00000154252,GAL3ST2
ENSMUSG00000093806,ENSG00000196433,ASMT
ENSMUSG00000093865,ENSG00000183423,LRIT3
ENSMUSG00000093904,ENSG00000173726,TOMM20
ENSMUSG00000094074,"",""
ENSMUSG00000094311,ENSG00000251258,RFPL4B
ENSMUSG00000094430,"",""
ENSMUSG00000094553,ENSG00000197617,VN1R5
ENSMUSG00000094651,ENSG00000154252,GAL3ST2
ENSMUSG00000094733,ENSG00000121552,CSTA
ENSMUSG00000094747,"",""
ENSMUSG00000094805,"",""
ENSMUSG00000094858,"",""
ENSMUSG00000094985,ENSG00000173769,TOPAZ1
ENSMUSG00000095156,"",""
ENSMUSG00000095171,"",""
ENSMUSG00000095187,"",""
ENSMUSG00000095562,"",""
ENSMUSG00000095569,"",""
ENSMUSG00000095586,"",""
ENSMUSG00000095620,ENSG00000121552,CSTA
ENSMUSG00000095647,"",""
ENSMUSG00000095789,ENSG00000185290,NUPR2
ENSMUSG00000095809,"",""
ENSMUSG00000095932,ENSG00000197617,VN1R5
ENSMUSG00000096442,ENSG00000146385,TAAR8
ENSMUSG00000096546,ENSG00000256162,SMLR1
ENSMUSG00000096554,"",""
ENSMUSG00000096566,"",""
ENSMUSG00000096687,ENSG00000173214,MFSD4B
ENSMUSG00000096690,"",""
ENSMUSG00000096703,"",""
ENSMUSG00000096806,"",""
ENSMUSG00000097084,ENSG00000176678,FOXL1
ENSMUSG00000097336,"",""
ENSMUSG00000097398,"",""
ENSMUSG00000097814,"",""
ENSMUSG00000097881,"",""
ENSMUSG00000098161,"",""
ENSMUSG00000098273,"",""
ENSMUSG00000098280,"",""
ENSMUSG00000098288,"",""
ENSMUSG00000098334,"",""
ENSMUSG00000098344,"",""
ENSMUSG00000098347,"",""
ENSMUSG00000098464,"",""
ENSMUSG00000098474,"",""
ENSMUSG00000098483,"",""
ENSMUSG00000098488,ENSG00000243708,PLA2G4B
ENSMUSG00000098500,"",""
ENSMUSG00000098531,"",""
ENSMUSG00000098533,"",""
ENSMUSG00000098547,"",""
ENSMUSG00000098550,"",""
ENSMUSG00000098582,"",""
ENSMUSG00000098583,"",""
ENSMUSG00000098632,"",""
ENSMUSG00000098634,"",""
ENSMUSG00000098686,"",""
ENSMUSG00000098689,"",""
ENSMUSG00000098754,"",""
ENSMUSG00000098789,ENSG00000243789,JMJD7
ENSMUSG00000098851,"",""
ENSMUSG00000098871,"",""
ENSMUSG00000098896,"",""
ENSMUSG00000098906,"",""
ENSMUSG00000098922,"",""
ENSMUSG00000098923,ENSG00000226479,TMEM185B
ENSMUSG00000098942,"",""
ENSMUSG00000098997,"",""
ENSMUSG00000099011,"",""
ENSMUSG00000099062,"",""
ENSMUSG00000099140,"",""
ENSMUSG00000099153,"",""
ENSMUSG00000099163,"",""
ENSMUSG00000099169,"",""
ENSMUSG00000099181,"",""
ENSMUSG00000099212,"",""
ENSMUSG00000099259,"",""
ENSMUSG00000099308,"",""
ENSMUSG00000099319,"",""
ENSMUSG00000099326,"",""
ENSMUSG00000099331,"",""
ENSMUSG00000099662,"",""
ENSMUSG00000099754,"",""
ENSMUSG00000100004,ENSG00000146385,TAAR8
ENSMUSG00000100186,ENSG00000146385,TAAR8
ENSMUSG00000100222,"",""
ENSMUSG00000100617,"",""
ENSMUSG00000100689,"",""
ENSMUSG00000100923,"",""
ENSMUSG00000100950,"",""
ENSMUSG00000101328,"",""
ENSMUSG00000101373,"",""
ENSMUSG00000101750,"",""
ENSMUSG00000101874,"",""
ENSMUSG00000101940,"",""
ENSMUSG00000102114,"",""
ENSMUSG00000103973,"",""
ENSMUSG00000104627,"",""
ENSMUSG00000104853,"",""
ENSMUSG00000105045,"",""
ENSMUSG00000105138,"",""
ENSMUSG00000105317,"",""
ENSMUSG00000105388,"",""
ENSMUSG00000105504,ENSG00000154451,GBP5
ENSMUSG00000105697,"",""
ENSMUSG00000105712,"",""
ENSMUSG00000105908,"",""
ENSMUSG00000106086,"",""
ENSMUSG00000106147,ENSG00000207119,U3
ENSMUSG00000106193,"",""
ENSMUSG00000106258,"",""
ENSMUSG00000106302,"",""
ENSMUSG00000106323,"",""
ENSMUSG00000106581,"",""
ENSMUSG00000107002,ENSG00000270170,NCBP2AS2
ENSMUSG00000107417,"",""
ENSMUSG00000107573,ENSG00000174339,OR2Y1
ENSMUSG00000107645,"",""
ENSMUSG00000107677,ENSG00000187080,OR2AK2
ENSMUSG00000107711,ENSG00000187080,OR2AK2
ENSMUSG00000107906,ENSG00000141543,EIF4A3
ENSMUSG00000107979,"",""
ENSMUSG00000108082,"",""
ENSMUSG00000108156,"",""
ENSMUSG00000108167,"",""
ENSMUSG00000108172,"",""
ENSMUSG00000108218,"",""
ENSMUSG00000108265,ENSG00000187080,OR2AK2
ENSMUSG00000108515,"",""
ENSMUSG00000108763,ENSG00000026950,BTN3A1
ENSMUSG00000108827,ENSG00000184140,OR4F6
ENSMUSG00000108891,ENSG00000177693,OR4F4
ENSMUSG00000108908,ENSG00000177693,OR4F4
ENSMUSG00000108919,"",""
ENSMUSG00000108931,"",""
ENSMUSG00000109033,"",""
ENSMUSG00000109219,"",""
ENSMUSG00000109322,"",""
ENSMUSG00000109389,"",""
ENSMUSG00000109403,"",""
ENSMUSG00000109423,"",""
ENSMUSG00000109449,"",""
ENSMUSG00000109487,"",""
ENSMUSG00000109521,"",""
ENSMUSG00000109522,"",""
ENSMUSG00000109528,ENSG00000182854,OR4F15
ENSMUSG00000109547,"",""
ENSMUSG00000109801,"",""
ENSMUSG00000109813,"",""
ENSMUSG00000110841,"",""
ENSMUSG00000110960,"",""
ENSMUSG00000111063,"",""
ENSMUSG00000111300,"",""
ENSMUSG00000111355,"",""
ENSMUSG00000112023,"",""
ENSMUSG00000112148,"",""
ENSMUSG00000114429,"",""
ENSMUSG00000114780,"",""
ENSMUSG00000116207,ENSG00000112992,NNT
ENSMUSG00000116210,"",""
ENSMUSG00000116816,"",""
ENSMUSG00000116933,"",""
ENSMUSG00000116967,ENSG00000243627,SMIM34
ENSMUSG00000116973,"",""
ENSMUSG00000118423,"",""
ENSMUSG00000118537,ENSG00000253251,SHLD3
ENSMUSG00000118662,ENSG00000168778,TCTN2
ENSMUSG00000118663,ENSG00000171763,AFG2B
ENSMUSG00000118670,ENSG00000205592,MUC19
ENSMUSG00000118672,ENSG00000145113,MUC4
ENSMUSG00000118717,"",""
ENSMUSG00000118725,ENSG00000200381,RNA5S4
ENSMUSG00000118796,ENSG00000202257,RNA5S16
ENSMUSG00000118798,"",""
ENSMUSG00000118860,"",""
ENSMUSG00000118867,"",""
ENSMUSG00000118907,"",""
ENSMUSG00000118910,"",""
ENSMUSG00000118920,"",""
ENSMUSG00000118922,"",""
ENSMUSG00000118945,ENSG00000201321,RNA5S9
ENSMUSG00000119002,"",""
ENSMUSG00000119009,"",""
ENSMUSG00000119014,"",""
ENSMUSG00000119038,"",""
ENSMUSG00000119118,"",""
ENSMUSG00000119175,"",""
ENSMUSG00000119204,"",""
ENSMUSG00000119210,ENSG00000199910,RNA5S10
ENSMUSG00000119280,"",""
ENSMUSG00000119299,"",""
ENSMUSG00000119324,"",""
ENSMUSG00000119399,"",""
ENSMUSG00000119414,"",""
ENSMUSG00000119430,"",""
ENSMUSG00000119440,"",""
ENSMUSG00000119451,ENSG00000202526,RNA5S13
ENSMUSG00000119521,ENSG00000202257,RNA5S16
ENSMUSG00000119523,"",""
ENSMUSG00000119562,"",""
ENSMUSG00000119587,"",""
ENSMUSG00000119615,"",""
ENSMUSG00000119714,"",""
ENSMUSG00000119730,"",""
ENSMUSG00000119762,"",""
ENSMUSG00000119767,"",""
ENSMUSG00000119808,ENSG00000202257,RNA5S16
ENSMUSG00000119844,"",""
ENSMUSG00000119904,"",""
ENSMUSG00000119919,ENSG00000200370,RNA5S17
ENSMUSG00000119920,"",""
ENSMUSG00000119925,"",""
ENSMUSG00000120743,"",""
ENSMUSG00000121238,"",""
ENSMUSG00000121339,"",""
ENSMUSG00000121400,"",""
ENSMUSG00000121412,"",""
ENSMUSG00000121468,"",""
ENSMUSG00000121473,"",""
ENSMUSG00000121606,ENSG00000197976,AKAP17A
ENSMUSG00000121607,ENSG00000146938,NLGN4X
ENSMUSG00000121674,"",""
ENSMUSG00000121690,"",""
ENSMUSG00000121855,"",""
ENSMUSG00000121914,ENSG00000101846,STS
ENSMUSG00000121984,"",""
ENSMUSG00001118664,"",""
ENSMUSG00002074875,ENSG00000277947,SNORD3D
ENSMUSG00002076971,ENSG00000221500,SNORD100
